Player,2022 Salary,2022 Signing,G,GS,MIN,PTS,FGM,FGA,FG%,2PM,2PA,2P%,3PM,3PA,3P%,FTM,FTA,FT%,ORB,DRB,TRB,AST,TOV,STL,BLK,PF
Breanna Stewart  B Stewart,"$228,094",UFA,34,34,30.9,21.8,7.5,15.9,47.2%,5.5,10.7,51.8%,2.0,5.2,37.9%,4.8,5.8,83.7%,1.4,6.2,7.6,2.9,1.3,1.6,0.9,2.1
Kelsey Plum  K Plum,"$180,250",--,36,36,32.8,20.2,6.8,14.8,46.0%,3.6,7.3,50.0%,3.1,7.5,42.0%,3.5,4.1,83.9%,0.3,2.4,2.7,5.1,2.6,1.0,0.1,2.5
Skylar Diggins  S Diggins,"$227,900",--,30,30,34.0,19.7,6.9,16.2,42.9%,5.6,11.7,48.0%,1.3,4.5,29.6%,4.5,5.3,84.4%,0.9,3.1,4.0,5.5,2.7,1.5,1.0,2.7
Arike Ogunbowale  A Ogunbowale,"$72,141",--,30,30,31.4,19.7,6.8,17.0,40.0%,4.0,9.1,44.2%,2.8,7.9,35.2%,3.3,4.1,79.8%,0.6,2.7,3.3,3.6,1.8,1.5,0.1,2.2
A'ja Wilson  A Wilson,"$196,267",RFA,36,36,30.0,19.5,7.2,14.4,50.1%,6.4,12.1,52.5%,0.9,2.3,37.3%,4.2,5.2,81.3%,1.8,7.6,9.4,2.1,1.7,1.4,1.9,2.1
Kelsey Mitchell  K Mitchell,"$200,000",--,31,31,32.6,18.4,6.3,14.4,43.8%,4.0,8.7,45.8%,2.3,5.7,40.9%,3.4,3.9,86.1%,0.5,1.5,1.9,4.2,2.4,0.9,0.2,2.3
Nneka Ogwumike  N Ogwumike,"$196,267",Core,34,34,31.4,18.1,7.3,13.5,54.4%,6.7,11.8,56.9%,0.6,1.7,36.8%,2.8,3.4,82.6%,1.4,5.2,6.6,2.0,1.8,1.7,0.4,2.4
Sabrina Ionescu  S Ionescu,"$76,297",--,36,36,32.3,17.4,5.9,14.3,41.1%,3.6,7.3,48.5%,2.3,6.9,33.3%,3.4,3.6,93.1%,1.0,6.1,7.1,6.3,3.0,1.1,0.3,2.1
Elena Delle Donne  E Delle Donne,"$227,900",--,25,25,27.8,17.2,6.2,12.9,48.0%,4.8,9.1,52.6%,1.4,3.8,36.8%,3.4,3.7,91.3%,1.2,5.1,6.3,2.3,1.1,0.5,1.1,1.4
Diana Taurasi  D Taurasi,"$228,094",UFA,31,31,31.0,16.7,4.8,13.0,37.3%,1.9,4.2,45.0%,3.0,8.8,33.7%,4.1,4.6,89.4%,0.3,3.2,3.4,3.9,2.7,0.7,0.6,2.9
Jewell Loyd  J Loyd,"$228,094",Core,36,36,30.3,16.3,5.6,14.1,39.6%,3.3,8.1,40.3%,2.3,6.1,38.5%,2.8,3.1,89.3%,0.6,2.1,2.6,3.4,2.2,1.1,0.2,1.8
Rhyne Howard  R Howard,"$72,141",Rookie,34,34,31.3,16.2,5.4,15.0,36.1%,2.9,7.7,37.9%,2.5,7.3,34.3%,2.9,3.7,79.2%,0.8,3.7,4.5,2.8,1.6,1.6,0.8,2.6
Jackie Young  J Young,"$72,141",--,34,34,33.2,15.9,5.6,11.8,47.6%,4.1,8.4,49.5%,1.5,3.4,43.1%,3.2,3.8,85.9%,1.3,3.1,4.4,3.9,1.3,1.4,0.2,2.4
Kahleah Copper  K Copper,"$200,000",Core,31,31,28.8,15.7,5.7,11.8,48.1%,4.5,8.5,52.8%,1.2,3.3,35.6%,3.2,4.2,77.5%,1.0,4.6,5.7,2.3,2.0,0.5,0.0,2.4
Natasha Howard  N Howard,"$221,450",Core,35,35,29.9,15.1,5.9,12.2,48.2%,5.0,9.6,52.5%,0.9,2.6,32.6%,2.5,3.5,71.5%,2.0,5.3,7.3,2.3,3.2,1.3,1.0,3.1
Tiffany Hayes  T Hayes,"$215,000",UFA,12,11,25.2,14.8,5.5,10.1,54.5%,4.0,6.6,60.8%,1.5,3.5,42.9%,2.3,3.4,68.3%,0.3,3.1,3.3,1.9,1.8,0.7,0.1,2.8
Tina Charles  T Charles,"$56,673",UFA,34,26,28.9,14.8,5.8,12.7,45.7%,4.7,9.5,49.2%,1.1,3.2,35.5%,2.0,2.4,82.7%,1.5,5.8,7.3,2.0,2.1,0.7,0.7,2.8
Tina Charles  T Charles,"$34,285",UFA,34,26,28.9,14.8,5.8,12.7,45.7%,4.7,9.5,49.2%,1.1,3.2,35.5%,2.0,2.4,82.7%,1.5,5.8,7.3,2.0,2.1,0.7,0.7,2.8
Ariel Atkins  A Atkins,"$170,000",--,36,36,30.0,14.6,5.1,12.2,42.0%,3.2,6.9,46.4%,1.9,5.3,36.5%,2.4,2.9,84.5%,0.9,2.3,3.3,2.3,1.4,1.3,0.3,2.8
Jonquel Jones  J Jones,"$205,000",Core,33,32,26.4,14.6,5.3,10.4,51.3%,4.1,7.0,58.2%,1.2,3.4,36.9%,2.7,3.4,80.2%,2.6,6.0,8.6,1.8,2.6,1.1,1.2,2.7
Aerial Powers  A Powers,"$196,267",UFA,35,31,27.0,14.4,4.9,12.6,38.5%,3.9,9.5,41.0%,0.9,3.1,30.8%,3.8,4.6,81.5%,1.3,3.4,4.7,2.9,2.6,1.2,0.3,1.8
Sylvia Fowles  S Fowles,"$200,000",UFA,30,30,27.7,14.4,6.1,9.9,62.2%,6.1,9.9,62.2%,0.0,0.0,--,2.1,3.2,66.0%,2.5,7.3,9.8,1.2,2.1,1.0,1.2,2.4
Brionna Jones  B Jones,"$120,000",RFA,36,7,25.1,13.8,5.2,9.1,56.9%,5.2,8.9,57.9%,0.0,0.2,0.0%,3.4,4.1,84.4%,2.6,2.5,5.1,1.2,1.5,1.2,0.4,2.6
Chelsea Gray  C Gray,"$206,267",UFA,35,35,29.7,13.7,5.2,10.7,49.1%,4.3,7.8,54.6%,1.0,2.9,34.0%,2.3,2.5,91.0%,0.3,2.9,3.2,6.1,2.3,1.6,0.3,1.5
Marina Mabrey  M Mabrey,"$72,141",--,34,32,28.0,13.6,5.2,12.5,42.0%,3.4,7.4,46.8%,1.8,5.1,35.1%,1.4,2.0,68.1%,0.6,3.1,3.6,3.7,2.4,0.8,0.4,2.5
NaLyssa Smith  N Smith,"$72,141",Rookie,32,32,30.7,13.5,5.0,11.9,41.9%,3.8,8.9,43.2%,1.2,3.0,38.1%,2.4,3.8,61.8%,2.2,5.7,7.9,1.4,2.4,0.5,0.3,2.9
DeWanna Bonner  D Bonner,"$227,900",--,33,33,30.0,13.5,4.7,10.8,43.9%,3.3,6.5,51.2%,1.4,4.2,32.9%,2.6,3.2,82.7%,0.8,4.0,4.7,2.8,1.6,1.2,0.3,1.8
Alyssa Thomas  A Thomas,"$206,000",UFA,36,36,32.1,13.4,5.2,10.4,50.0%,5.2,10.4,50.3%,0.0,0.1,0.0%,3.0,4.1,73.0%,2.1,6.1,8.2,6.1,2.9,1.7,0.2,2.8
Allisha Gray  A Gray,"$164,800",RFA,33,33,32.9,13.3,4.4,10.5,42.3%,2.5,5.7,43.6%,1.9,4.8,40.8%,2.5,3.2,79.8%,0.9,3.9,4.8,2.5,1.3,1.1,0.7,2.4
Kayla McBride  K McBride,"$196,267",UFA,31,31,29.8,13.3,4.4,10.9,40.5%,2.9,6.6,43.7%,1.5,4.3,35.6%,2.9,3.2,90.9%,0.5,2.3,2.8,2.1,1.5,1.0,0.1,1.4
Candace Parker  C Parker,"$195,000",UFA,32,32,28.2,13.2,5.0,10.8,45.8%,3.7,6.6,55.2%,1.3,4.2,31.1%,1.9,2.4,81.6%,0.9,7.7,8.6,4.5,2.4,1.0,1.0,2.2
Diamond DeShields  D DeShields,"$150,000",RFA,30,19,25.3,13.1,4.7,12.2,38.8%,4.0,9.2,43.7%,0.7,3.0,23.6%,2.9,3.8,76.5%,0.6,3.2,3.8,2.2,2.3,1.0,0.5,3.3
Liz Cambage  L Cambage,"$141,386",UFA,25,24,23.4,13.0,4.7,9.2,50.9%,4.5,8.6,52.3%,0.2,0.6,28.6%,3.5,4.4,78.4%,1.3,5.1,6.4,2.1,2.3,0.7,1.6,3.2
Brittney Sykes  B Sykes,"$113,300",RFA,32,24,28.8,12.7,4.8,11.0,43.3%,4.3,9.3,46.2%,0.4,1.6,26.9%,2.7,3.5,77.0%,0.7,2.9,3.7,3.7,2.6,2.0,0.7,2.6
Sophie Cunningham  S Cunningham,"$75,000",UFA,28,20,29.5,12.6,4.3,9.5,44.9%,1.8,3.3,54.3%,2.5,6.3,40.0%,1.5,1.7,87.5%,0.7,3.7,4.4,1.6,1.0,1.0,0.4,3.4
Emma Meesseman  E Meesseman,"$185,000",UFA,36,36,28.6,12.4,5.4,9.4,57.1%,5.0,8.4,59.9%,0.4,1.1,34.2%,1.3,1.5,88.7%,1.7,3.8,5.5,3.8,1.4,1.4,0.8,2.5
Cheyenne Parker-Tyus  C Parker-Tyus,"$190,550",UFA,36,35,26.2,11.8,4.9,9.8,50.0%,4.6,8.3,55.2%,0.3,1.5,21.8%,1.7,2.2,79.5%,1.6,4.5,6.2,2.0,2.0,1.0,0.9,2.7
Courtney Vandersloot  C Vandersloot,"$195,000",UFA,32,32,26.5,11.8,4.3,8.8,48.1%,3.3,6.4,52.5%,0.9,2.5,36.7%,2.3,3.1,76.5%,0.7,3.2,3.9,6.5,2.7,1.2,0.5,1.7
Allie Quigley  A Quigley,"$135,000",UFA,34,34,26.3,11.4,3.8,8.9,42.8%,2.4,4.8,49.1%,1.5,4.1,35.5%,2.2,2.4,95.0%,0.5,2.0,2.5,2.9,1.3,0.7,0.2,1.5
Satou Sabally  S Sabally,"$76,297",--,11,6,21.7,11.3,3.7,9.4,39.8%,2.8,5.5,51.7%,0.9,3.9,23.3%,2.9,3.2,91.4%,0.8,4.0,4.8,2.1,2.3,0.5,0.2,3.2
Betnijah Laney-Hamilton  B Laney-Hamilton,"$196,267",UFA,9,6,28.3,11.2,4.2,10.0,42.2%,3.0,6.8,44.3%,1.2,3.2,37.9%,1.6,1.8,87.5%,0.1,3.2,3.3,2.8,2.7,0.4,0.1,2.7
Courtney Williams  C Williams,"$103,000",UFA,34,34,28.0,11.1,4.9,11.4,42.6%,4.2,9.5,44.4%,0.6,1.9,33.8%,0.8,1.1,75.0%,0.9,3.7,4.6,3.3,1.7,1.0,0.4,1.6
Aari McDonald  A McDonald,"$71,441",Rookie,36,6,24.3,11.1,3.6,8.9,41.1%,2.3,4.9,46.9%,1.3,3.9,33.8%,2.4,2.8,87.1%,0.4,1.8,2.3,2.6,2.2,1.5,0.0,2.2
Teaira McCowan  T McCowan,"$72,141",--,33,15,18.9,11.0,4.2,7.0,60.2%,4.2,7.0,60.2%,0.0,0.0,--,2.5,4.2,60.0%,3.0,4.1,7.0,0.8,1.7,0.3,0.7,3.1
Maya Caldwell  M Caldwell,"$4,490",Hardship,9,7,23.7,10.9,4.2,8.2,51.4%,2.2,4.7,47.6%,2.0,3.6,56.3%,0.4,0.6,80.0%,0.6,1.9,2.4,2.2,1.6,0.8,0.2,1.7
Maya Caldwell  M Caldwell,"$3,143",Hardship,9,7,23.7,10.9,4.2,8.2,51.4%,2.2,4.7,47.6%,2.0,3.6,56.3%,0.4,0.6,80.0%,0.6,1.9,2.4,2.2,1.6,0.8,0.2,1.7
Maya Caldwell  M Caldwell,"$1,796",Hardship,9,7,23.7,10.9,4.2,8.2,51.4%,2.2,4.7,47.6%,2.0,3.6,56.3%,0.4,0.6,80.0%,0.6,1.9,2.4,2.2,1.6,0.8,0.2,1.7
Natasha Cloud  N Cloud,"$185,000",SuspCE,34,34,31.3,10.7,3.6,9.1,39.9%,2.4,5.1,46.2%,1.3,4.0,31.9%,2.2,2.7,82.4%,0.5,3.1,3.6,7.0,2.8,1.0,0.3,1.6
Azur√° Stevens  A Stevens,"$140,000",--,35,8,21.9,10.6,4.3,9.1,47.2%,3.1,5.8,53.5%,1.2,3.3,36.2%,0.8,1.1,74.4%,0.6,3.3,3.9,0.8,0.7,0.5,1.1,1.7
Moriah Jefferson  M Jefferson,"$170,953",--,31,30,26.1,10.4,3.8,8.4,45.2%,2.6,5.9,44.3%,1.2,2.5,47.4%,1.7,2.1,81.5%,0.4,2.1,2.4,4.7,2.2,1.2,0.1,2.2
Moriah Jefferson  M Jefferson,"$67,141",UFA,31,30,26.1,10.4,3.8,8.4,45.2%,2.6,5.9,44.3%,1.2,2.5,47.4%,1.7,2.1,81.5%,0.4,2.1,2.4,4.7,2.2,1.2,0.1,2.2
Marine Johannes  M Johannes,"$40,713",ROS,24,10,25.5,10.0,3.5,7.5,46.4%,1.2,2.2,52.8%,2.3,5.3,43.7%,0.8,1.0,87.0%,0.2,1.5,1.7,3.4,1.8,0.6,0.1,1.6
Shey Peddy  S Peddy,"$72,141",Reserved,34,24,28.7,9.9,3.4,8.2,41.8%,2.0,3.9,51.5%,1.4,4.3,32.9%,1.6,1.9,88.9%,1.3,2.4,3.8,3.4,1.4,1.6,0.2,1.8
Victoria Vivians  V Vivians,"$72,141",Reserved,35,30,26.9,9.8,3.6,10.7,33.6%,2.3,6.2,37.6%,1.3,4.5,28.0%,1.3,1.8,74.2%,0.7,2.9,3.6,2.4,2.1,1.1,0.3,2.4
Katie Lou Samuelson  K Samuelson,"$72,141",--,32,29,29.5,9.7,3.3,9.0,37.3%,1.6,4.0,39.8%,1.8,5.0,35.2%,1.3,1.5,83.7%,0.5,2.4,3.0,1.9,1.1,1.0,0.2,1.6
Ezi Magbegor  E Magbegor,"$60,471",--,33,23,24.7,9.5,4.0,7.3,55.0%,3.7,6.5,57.7%,0.3,0.9,34.5%,1.2,1.6,73.6%,1.6,4.0,5.6,1.4,1.4,0.9,1.8,2.9
Dearica Hamby  D Hamby,"$152,800",--,34,32,26.5,9.3,3.4,7.3,46.6%,2.9,5.2,56.8%,0.5,2.1,21.9%,2.0,2.7,72.0%,1.4,5.6,7.1,1.1,1.5,1.1,0.1,2.0
Jordin Canada  J Canada,"$98,000",UFA,32,25,27.0,9.2,3.3,8.5,38.4%,3.0,6.9,43.9%,0.2,1.6,14.0%,2.5,3.1,80.6%,0.2,2.1,2.3,5.5,2.3,1.4,0.2,1.8
Natisha Hiedeman  N Hiedeman,"$72,141",Reserved,36,31,25.0,9.1,3.3,7.6,43.1%,1.4,2.9,46.2%,1.9,4.7,41.1%,0.7,0.8,80.0%,0.2,1.6,1.8,3.3,1.3,1.2,0.1,1.8
Myisha Hines-Allen  M Hines-Allen,"$170,000",RFA,34,15,19.3,8.9,3.4,8.1,41.5%,2.5,5.8,43.4%,0.9,2.3,36.7%,1.3,1.9,70.3%,1.1,4.2,5.3,1.9,1.7,0.8,0.3,1.6
Chennedy Carter  C Carter,"$76,297",--,24,2,16.4,8.9,3.5,7.9,45.0%,3.5,7.5,46.4%,0.1,0.4,20.0%,1.7,2.3,74.5%,0.4,1.5,1.9,1.9,1.8,0.6,0.4,2.2
Isabelle Harrison  I Harrison,"$159,000",--,35,18,18.4,8.7,3.3,7.1,46.6%,3.3,7.1,46.2%,0.1,0.1,100.0%,2.1,2.4,86.7%,1.4,2.9,4.3,1.3,1.3,0.7,0.1,2.1
Shakira Austin  S Austin,"$72,141",Rookie,36,32,21.6,8.7,3.4,6.2,54.7%,3.4,6.2,55.0%,0.0,0.0,0.0%,1.9,3.0,62.4%,1.8,4.7,6.4,0.9,1.5,0.8,0.8,2.3
Han Xu  H Xu,"$60,471",Rookie,32,0,16.8,8.5,3.4,6.9,49.3%,2.9,5.8,50.3%,0.5,1.1,44.4%,1.2,1.5,79.6%,1.2,2.4,3.6,0.9,0.7,0.5,0.7,1.0
Rebekah Gardner  R Gardner,"$60,471",UFA,35,2,21.7,8.4,3.3,6.1,54.2%,2.9,4.9,58.7%,0.4,1.2,35.7%,1.4,1.7,80.0%,1.3,2.0,3.3,1.3,1.6,1.4,0.5,2.3
Erica Wheeler  E Wheeler,"$185,400",--,30,30,26.3,8.4,3.3,9.2,35.5%,2.5,6.8,36.5%,0.8,2.4,32.9%,1.0,1.4,75.6%,0.6,2.5,3.1,3.9,2.5,1.1,0.1,2.5
Jessica Shepard  J Shepard,"$60,471",--,36,22,26.1,8.1,3.0,6.0,50.0%,2.8,5.3,53.1%,0.2,0.7,25.0%,1.9,2.6,73.4%,2.0,5.4,7.4,3.0,1.7,0.4,0.3,2.1
Stefanie Dolson  S Dolson,"$160,000",UFA,36,36,23.0,8.1,3.1,6.4,49.3%,2.4,4.5,53.4%,0.7,1.8,39.4%,1.1,1.2,90.5%,1.2,3.6,4.8,1.8,1.6,0.4,0.8,3.1
Alysha Clark  A Clark,"$183,000",UFA,29,29,26.4,8.0,3.1,6.8,46.4%,2.1,3.3,62.9%,1.0,3.4,30.3%,0.7,0.8,91.3%,0.8,3.7,4.5,2.0,1.3,1.0,0.3,1.9
Kayla Thornton  K Thornton,"$107,040",--,36,35,29.2,8.0,2.7,5.8,46.9%,2.0,3.6,55.4%,0.7,2.1,32.5%,1.9,2.3,82.9%,1.8,4.1,5.9,1.8,1.2,1.1,0.6,2.7
Rachel Banham  R Banham,"$72,141",UFA,36,5,17.5,7.9,2.8,6.5,43.0%,1.2,2.4,51.2%,1.6,4.1,38.3%,0.7,0.8,80.0%,0.1,1.3,1.3,2.3,1.3,0.3,0.1,1.7
Sue Bird  S Bird,"$72,141",UFA,31,31,26.4,7.8,2.7,6.8,40.3%,0.9,2.2,43.3%,1.8,4.6,38.9%,0.5,0.5,100.0%,0.2,1.7,1.9,6.0,1.9,1.2,0.1,0.7
Gabby Williams  G Williams,"$144,000",--,36,36,25.6,7.5,3.0,6.8,44.4%,2.5,4.8,52.0%,0.5,1.9,25.7%,1.0,1.3,77.8%,1.2,3.8,5.0,3.1,1.4,1.5,0.4,1.6
Danielle Robinson  D Robinson,"$155,000",UFA,31,30,23.6,7.4,2.7,6.5,41.9%,2.5,5.3,46.6%,0.3,1.3,22.5%,1.6,1.9,85.0%,0.4,2.5,2.9,3.8,1.6,0.7,0.2,1.4
Napheesa Collier  N Collier,"$72,141",--,4,4,22.7,7.3,2.8,6.5,42.3%,2.3,4.8,47.4%,0.5,1.8,28.6%,1.3,1.8,71.4%,0.5,2.5,3.0,1.0,0.3,0.5,0.3,2.3
Lexie Brown  L Brown,"$72,141",RFA,34,16,25.0,7.1,2.7,6.2,44.1%,1.2,2.3,51.3%,1.6,3.9,39.8%,0.1,0.2,66.7%,0.2,2.1,2.3,2.1,0.8,1.0,0.2,1.3
Queen Egbo  Q Egbo,"$66,306",Rookie,34,31,21.2,7.0,2.8,6.3,44.2%,2.8,6.3,44.2%,0.0,0.0,--,1.4,2.2,64.5%,1.8,4.4,6.1,0.9,1.9,0.9,1.2,2.9
Chiney Ogwumike  C Ogwumike,"$116,390",SuspCE,26,7,18.4,7.0,2.7,5.7,46.6%,2.3,5.0,46.9%,0.3,0.7,44.4%,1.4,2.0,70.6%,2.0,3.5,5.5,1.1,1.4,0.7,0.3,2.7
Rebecca Allen  R Allen,"$141,000",UFA,25,19,20.9,7.0,2.6,6.8,37.9%,1.5,3.4,44.2%,1.0,3.3,31.3%,0.8,1.0,83.3%,0.3,3.0,3.4,1.2,1.0,0.8,1.0,1.9
Asia (AD) Durr  A Durr,"$68,260",--,25,2,14.7,7.0,2.4,6.1,39.5%,1.5,3.8,38.9%,0.9,2.3,40.4%,1.2,1.6,79.5%,0.3,0.9,1.2,1.2,0.9,0.4,0.2,1.3
Shatori Walker-Kimbrough  S Walker-Kimbrough,"$72,141",UFA,35,3,20.1,6.9,2.3,5.7,40.2%,1.5,3.5,43.5%,0.7,2.1,34.7%,1.6,1.7,90.2%,0.3,1.5,1.8,1.5,1.1,1.1,0.3,1.2
Odyssey Sims  O Sims,"$3,750",Hardship,7,0,20.8,6.9,2.4,7.6,32.1%,1.9,5.4,34.2%,0.6,2.1,26.7%,1.4,2.1,66.7%,0.3,1.6,1.9,2.9,1.7,1.1,0.3,1.6
Odyssey Sims  O Sims,"$2,678",Hardship,7,0,20.8,6.9,2.4,7.6,32.1%,1.9,5.4,34.2%,0.6,2.1,26.7%,1.4,2.1,66.7%,0.3,1.6,1.9,2.9,1.7,1.1,0.3,1.6
Odyssey Sims  O Sims,"$6,428",UFA,7,0,20.8,6.9,2.4,7.6,32.1%,1.9,5.4,34.2%,0.6,2.1,26.7%,1.4,2.1,66.7%,0.3,1.6,1.9,2.9,1.7,1.1,0.3,1.6
Emma Cannon  E Cannon,"$50,713",UFA,24,2,14.0,6.8,2.5,4.8,52.6%,2.1,4.0,53.1%,0.4,0.8,50.0%,1.5,2.0,72.9%,0.9,2.2,3.1,0.5,0.7,0.6,0.1,2.0
Emma Cannon  E Cannon,"$2,143",Hardship,24,2,14.0,6.8,2.5,4.8,52.6%,2.1,4.0,53.1%,0.4,0.8,50.0%,1.5,2.0,72.9%,0.9,2.2,3.1,0.5,0.7,0.6,0.1,2.0
DiJonai Carrington  D Carrington,"$62,774",Rookie,36,2,17.5,6.8,2.3,5.6,41.4%,1.8,3.9,46.1%,0.5,1.7,30.6%,1.6,2.1,75.0%,1.1,2.1,3.1,1.1,1.6,0.8,0.1,1.9
Riquna Williams  R Williams,"$145,000",UFA,21,0,18.0,6.7,2.1,5.6,38.1%,0.5,1.2,44.0%,1.6,4.4,36.6%,0.8,1.0,76.2%,0.2,1.8,2.0,1.2,0.3,0.4,0.1,1.7
Lindsay Allen  L Allen,"$8,571",UFA,9,0,14.8,6.7,2.2,4.2,52.6%,1.3,2.7,50.0%,0.9,1.6,57.1%,1.3,1.4,92.3%,0.0,1.6,1.6,3.4,0.8,0.2,0.0,1.2
Lindsay Allen  L Allen,"$1,607",UFA,9,0,14.8,6.7,2.2,4.2,52.6%,1.3,2.7,50.0%,0.9,1.6,57.1%,1.3,1.4,92.3%,0.0,1.6,1.6,3.4,0.8,0.2,0.0,1.2
Lindsay Allen  L Allen,"$2,678",UFA,9,0,14.8,6.7,2.2,4.2,52.6%,1.3,2.7,50.0%,0.9,1.6,57.1%,1.3,1.4,92.3%,0.0,1.6,1.6,3.4,0.8,0.2,0.0,1.2
Jasmine Thomas  J Thomas,"$190,000",UFA,5,5,21.8,6.6,1.6,6.0,26.7%,0.6,3.4,17.6%,1.0,2.6,38.5%,2.4,2.6,92.3%,0.4,1.8,2.2,3.0,1.4,0.6,0.2,1.4
Kristy Wallace  K Wallace,"$63,389",Rookie,29,18,20.8,6.6,2.3,5.6,40.7%,1.4,3.2,43.6%,0.9,2.3,36.8%,1.1,1.4,78.6%,0.6,1.7,2.3,2.2,1.5,0.6,0.2,2.0
Tiffany Mitchell  T Mitchell,"$148,400",--,34,8,16.3,6.5,2.4,5.4,45.1%,2.1,4.4,46.4%,0.4,0.9,38.7%,1.3,1.5,86.5%,0.6,0.6,1.2,1.2,0.9,0.8,0.1,1.4
Sami Whitcomb  S Whitcomb,"$150,350",RFA,35,6,21.3,6.5,2.1,5.7,36.8%,0.4,0.9,45.5%,1.7,4.8,35.1%,0.6,0.7,87.0%,0.3,2.1,2.3,2.3,1.4,0.7,0.1,1.6
Monique Billings  M Billings,"$140,000",RFA,23,8,17.4,6.5,2.4,5.1,47.0%,2.4,5.0,47.4%,0.0,0.0,0.0%,1.7,2.2,76.5%,2.0,4.4,6.3,1.1,1.3,0.8,0.3,2.3
Nia Coffey  N Coffey,"$130,000",UFA,16,16,21.0,6.4,2.2,6.3,34.7%,1.6,4.4,37.1%,0.6,1.9,29.0%,1.4,1.9,74.2%,0.4,4.8,5.2,0.8,2.2,0.6,0.1,2.2
Angel McCoughtry  A McCoughtry,"$69,000",UFA,2,2,9.9,6.0,1.5,4.0,37.5%,1.5,3.5,42.9%,0.0,0.5,0.0%,3.0,3.0,100.0%,0.0,3.0,3.0,1.0,1.5,0.5,1.0,1.5
Katie Benzan  K Benzan,"$3,592",Hardship,3,0,8.9,6.0,1.7,3.0,55.6%,0.0,0.7,0.0%,1.7,2.3,71.4%,1.0,1.3,75.0%,0.3,0.3,0.7,0.3,0.7,0.0,0.3,2.3
Nikolina Milic  N Milic,"$31,882",Hardship,31,4,11.7,6.0,2.4,4.4,54.8%,2.2,3.6,60.2%,0.2,0.7,27.3%,1.0,1.4,73.8%,1.5,1.5,3.0,0.7,1.4,0.3,0.3,1.8
Nikolina Milic  N Milic,"$10,477",UFA,31,4,11.7,6.0,2.4,4.4,54.8%,2.2,3.6,60.2%,0.2,0.7,27.3%,1.0,1.4,73.8%,1.5,1.5,3.0,0.7,1.4,0.3,0.3,1.8
Kristi Toliver  K Toliver,"$196,100",--,11,10,19.8,5.9,1.7,4.6,37.3%,0.5,1.4,40.0%,1.2,3.3,36.1%,1.3,1.5,87.5%,0.0,0.8,0.8,3.1,2.3,0.4,0.0,1.3
Sparkle Taylor  S Taylor,"$3,592",Hardship,2,0,12.3,5.5,2.5,3.0,83.3%,2.5,2.5,100.0%,0.0,0.5,0.0%,0.5,0.5,100.0%,0.0,1.0,1.0,0.0,0.5,0.0,0.0,1.5
Crystal Dangerfield  C Dangerfield,"$2,694",Hardship,33,27,21.5,5.5,2.0,5.0,39.8%,1.3,2.9,45.3%,0.7,2.2,32.4%,0.8,1.0,73.5%,0.4,1.6,2.0,2.6,0.9,0.5,0.1,1.3
Crystal Dangerfield  C Dangerfield,"$16,166",Hardship,33,27,21.5,5.5,2.0,5.0,39.8%,1.3,2.9,45.3%,0.7,2.2,32.4%,0.8,1.0,73.5%,0.4,1.6,2.0,2.6,0.9,0.5,0.1,1.3
Crystal Dangerfield  C Dangerfield,"$25,745",UFA,33,27,21.5,5.5,2.0,5.0,39.8%,1.3,2.9,45.3%,0.7,2.2,32.4%,0.8,1.0,73.5%,0.4,1.6,2.0,2.6,0.9,0.5,0.1,1.3
Kennedy Burke  K Burke,"$36,428",--,16,4,13.9,5.4,2.1,4.6,44.6%,1.4,2.6,52.4%,0.7,2.0,34.4%,0.6,1.1,58.8%,0.5,1.7,2.2,0.4,0.5,1.0,0.3,1.1
Elizabeth Williams  E Williams,"$90,000",UFA,30,0,14.9,5.4,2.3,4.7,48.2%,2.3,4.7,48.2%,0.0,0.0,--,0.8,1.4,58.1%,1.5,2.3,3.8,0.5,0.6,0.6,0.6,1.5
Destanni Henderson  D Henderson,"$63,389",Rookie,36,5,16.4,5.3,2.0,4.9,40.1%,1.3,2.9,42.5%,0.7,2.0,36.6%,0.6,0.9,71.9%,0.8,0.8,1.6,2.5,1.7,0.8,0.1,0.9
Natalie Achonwa  N Achonwa,"$160,000",UFA,22,0,15.1,5.3,2.1,4.1,51.6%,2.1,4.0,52.8%,0.0,0.1,0.0%,1.0,1.2,81.5%,1.1,3.0,4.1,1.7,1.0,0.4,0.3,1.6
Emily Engstler  E Engstler,"$72,141",Rookie,35,6,18.2,5.2,2.1,5.2,39.6%,1.6,3.9,40.9%,0.5,1.3,35.6%,0.6,1.1,55.3%,2.1,3.1,5.2,1.5,1.4,0.7,1.1,3.1
Damiris Dantas  D Dantas,"$129,150",--,15,15,17.4,5.1,1.9,6.1,30.4%,0.8,2.1,38.7%,1.1,4.1,26.2%,0.3,0.4,83.3%,0.7,3.1,3.8,1.9,1.1,0.2,0.1,1.2
Stephanie Talbot  S Talbot,"$72,141",RFA,34,1,16.1,5.0,1.9,4.1,46.4%,1.0,1.9,53.8%,0.9,2.1,39.7%,0.4,0.7,58.3%,0.7,2.5,3.1,1.3,1.1,0.7,0.3,1.3
Tyasha Harris  T Harris,"$73,211",--,35,5,15.8,5.0,2.0,4.7,41.8%,1.5,3.2,46.8%,0.5,1.5,31.5%,0.5,0.7,79.2%,0.2,0.7,0.9,2.8,1.1,0.4,0.1,1.0
Tianna Hawkins  T Hawkins,"$72,141",UFA,25,0,12.8,4.9,1.8,4.6,38.6%,1.2,2.4,49.2%,0.6,2.1,26.4%,0.8,0.8,95.2%,0.6,1.8,2.4,0.8,1.2,0.4,0.1,1.7
Kaela Davis  K Davis,"$2,143",Hardship,7,0,7.8,4.9,1.9,3.0,61.9%,1.3,2.1,60.0%,0.6,0.9,66.7%,0.6,0.7,80.0%,0.4,0.9,1.3,0.1,0.9,0.3,0.0,1.3
Kaela Davis  K Davis,"$5,357",Hardship,7,0,7.8,4.9,1.9,3.0,61.9%,1.3,2.1,60.0%,0.6,0.9,66.7%,0.6,0.7,80.0%,0.4,0.9,1.3,0.1,0.9,0.3,0.0,1.3
Kaela Davis  K Davis,"$7,500",UFA,7,0,7.8,4.9,1.9,3.0,61.9%,1.3,2.1,60.0%,0.6,0.9,66.7%,0.6,0.7,80.0%,0.4,0.9,1.3,0.1,0.9,0.3,0.0,1.3
Kaela Davis  K Davis,"$1,607",UFA,7,0,7.8,4.9,1.9,3.0,61.9%,1.3,2.1,60.0%,0.6,0.9,66.7%,0.6,0.7,80.0%,0.4,0.9,1.3,0.1,0.9,0.3,0.0,1.3
Michaela Onyenwere  M Onyenwere,"$68,552",Rookie,34,1,13.7,4.7,1.4,3.8,37.7%,1.0,2.4,42.5%,0.4,1.5,30.0%,1.4,1.6,83.6%,0.4,1.7,2.1,0.4,0.7,0.4,0.2,2.0
Destiny Slocum  D Slocum,"$4,041",Hardship,3,0,13.7,4.7,1.3,3.7,36.4%,0.3,0.7,50.0%,1.0,3.0,33.3%,1.0,1.7,60.0%,0.0,1.3,1.3,1.3,1.7,0.0,0.0,1.3
Naz Hillmon  N Hillmon,"$63,389",Rookie,34,12,19.8,4.4,1.7,3.6,48.0%,1.7,3.6,48.8%,0.0,0.1,0.0%,0.9,1.1,82.1%,1.5,3.5,5.1,1.2,1.2,0.6,0.3,1.5
Alanna Smith  A Smith,"$19,285",UFA,9,1,12.8,4.3,1.6,4.7,33.3%,0.9,1.9,47.1%,0.7,2.8,24.0%,0.6,0.8,71.4%,0.9,1.8,2.7,0.6,0.9,0.9,0.7,1.9
Bridget Carleton  B Carleton,"$72,141",Reserved,36,2,16.8,4.3,1.5,3.7,40.3%,0.7,1.4,48.1%,0.8,2.3,35.4%,0.5,0.7,73.1%,0.3,1.8,2.1,1.1,0.6,0.4,0.1,1.6
Brianna Turner  B Turner,"$72,141",--,35,35,33.4,4.3,1.9,3.2,60.7%,1.9,3.2,60.7%,0.0,0.0,--,0.4,0.9,50.0%,2.0,4.8,6.8,2.3,1.4,1.3,1.6,2.3
Dana Evans  D Evans,"$62,774",Rookie,33,1,11.5,4.3,1.5,3.9,37.7%,0.8,1.9,42.9%,0.7,2.0,32.8%,0.7,0.8,88.0%,0.2,0.7,0.8,1.2,0.8,0.3,0.1,0.9
Yvonne Turner  Y Turner,"$2,143",Hardship,9,2,15.4,4.0,1.3,4.1,32.4%,1.0,3.3,30.0%,0.3,0.8,42.9%,1.0,1.2,81.8%,0.3,1.2,1.6,2.0,1.4,0.3,0.0,1.3
Olivia Nelson-Ododa  O Nelson-Ododa,"$63,389",Rookie,30,6,14.5,4.0,1.6,2.8,56.0%,1.6,2.8,56.0%,0.0,0.0,--,0.9,1.2,70.3%,1.1,1.8,2.9,0.4,1.0,0.3,0.8,2.6
Theresa Plaisance  T Plaisance,"$72,141",UFA,31,2,12.9,4.0,1.4,3.7,37.1%,0.4,0.9,44.4%,1.0,2.9,34.8%,0.2,0.3,70.0%,0.5,2.1,2.6,0.5,0.6,0.3,0.4,1.3
Yvonne Turner  Y Turner,"$5,357",Hardship,9,2,15.4,4.0,1.3,4.1,32.4%,1.0,3.3,30.0%,0.3,0.8,42.9%,1.0,1.2,81.8%,0.3,1.2,1.6,2.0,1.4,0.3,0.0,1.3
Yvonne Turner  Y Turner,"$3,750",Hardship,9,2,15.4,4.0,1.3,4.1,32.4%,1.0,3.3,30.0%,0.3,0.8,42.9%,1.0,1.2,81.8%,0.3,1.2,1.6,2.0,1.4,0.3,0.0,1.3
Epiphanny Prince  E Prince,"$115,000",UFA,33,0,12.3,3.9,1.3,3.8,35.5%,0.7,2.0,35.4%,0.6,1.8,35.6%,0.6,0.8,84.0%,0.2,0.8,1.0,1.8,0.5,0.6,0.1,0.9
Lexie Hull  L Hull,"$69,224",Rookie,26,4,12.9,3.8,1.1,4.0,26.7%,0.8,2.4,32.3%,0.3,1.7,18.6%,1.4,1.5,90.0%,0.4,1.1,1.5,0.7,0.7,0.6,0.1,1.8
Iliana Rupert  I Rupert,"$37,420",Rookie,17,0,13.1,3.8,1.5,3.2,46.3%,0.6,0.9,68.8%,0.8,2.2,36.8%,0.1,0.2,33.3%,0.6,1.6,2.3,0.9,0.5,0.4,0.0,2.1
Jantel Lavender  J Lavender,"$114,000",UFA,27,4,12.2,3.8,1.7,4.1,40.9%,1.5,3.2,46.5%,0.2,0.9,20.8%,0.3,0.4,66.7%,1.0,2.3,3.3,0.9,0.9,0.1,0.1,1.1
Jantel Lavender  J Lavender,"$72,141",UFA,27,4,12.2,3.8,1.7,4.1,40.9%,1.5,3.2,46.5%,0.2,0.9,20.8%,0.3,0.4,66.7%,1.0,2.3,3.3,0.9,0.9,0.1,0.1,1.1
Megan Gustafson  M Gustafson,"$72,141",UFA,33,0,9.6,3.8,1.5,2.8,54.9%,1.2,2.0,58.5%,0.4,0.8,46.2%,0.4,0.5,76.5%,0.5,1.4,1.9,0.5,0.7,0.2,0.2,1.9
Briann January  B January,"$140,000",UFA,36,5,16.9,3.7,1.3,3.4,37.7%,0.6,1.3,47.9%,0.6,2.1,31.1%,0.5,0.6,82.6%,0.2,0.8,1.0,2.4,1.5,0.6,0.2,1.6
Alaina Coates  A Coates,"$24,999",UFA,8,0,9.4,3.5,0.9,1.4,63.6%,0.9,1.4,63.6%,0.0,0.0,--,1.8,1.9,93.3%,0.8,1.3,2.0,0.3,0.6,0.3,0.4,2.3
Jennie Simms  J Simms,"$8,083",Hardship,23,4,13.2,3.4,1.3,2.7,47.6%,1.1,1.9,59.1%,0.2,0.8,21.1%,0.7,0.8,78.9%,0.6,1.7,2.2,0.9,1.0,0.5,0.0,1.7
Jennie Simms  J Simms,"$10,477",UFA,23,4,13.2,3.4,1.3,2.7,47.6%,1.1,1.9,59.1%,0.2,0.8,21.1%,0.7,0.8,78.9%,0.6,1.7,2.2,0.9,1.0,0.5,0.0,1.7
Jennie Simms  J Simms,"$12,573",UFA,23,4,13.2,3.4,1.3,2.7,47.6%,1.1,1.9,59.1%,0.2,0.8,21.1%,0.7,0.8,78.9%,0.6,1.7,2.2,0.9,1.0,0.5,0.0,1.7
Megan Walker  M Walker,"$24,996",--,12,0,9.6,3.3,1.2,3.2,36.8%,0.6,1.6,36.8%,0.6,1.6,36.8%,0.3,0.5,66.7%,0.3,0.5,0.8,0.4,1.0,0.3,0.0,0.7
Yvonne Anderson  Y Anderson,"$23,350",UFA,11,0,9.2,3.2,1.1,2.4,46.2%,0.7,1.5,50.0%,0.4,0.9,40.0%,0.6,0.6,100.0%,0.3,0.5,0.8,1.1,1.0,0.3,0.2,1.3
Bria Hartley  B Hartley,"$23,000",UFA,13,0,9.5,3.0,1.1,2.8,37.8%,0.5,1.5,35.0%,0.5,1.3,41.2%,0.3,0.5,66.7%,0.1,0.8,0.9,1.1,0.8,0.3,0.0,0.5
Bria Hartley  B Hartley,"$175,911",--,13,0,9.5,3.0,1.1,2.8,37.8%,0.5,1.5,35.0%,0.5,1.3,41.2%,0.3,0.5,66.7%,0.1,0.8,0.9,1.1,0.8,0.3,0.0,0.5
Karlie Samuelson  K Samuelson,"$3,214",Hardship,1,0,10.2,3.0,1.0,3.0,33.3%,0.0,0.0,--,1.0,3.0,33.3%,0.0,0.0,--,0.0,3.0,3.0,1.0,1.0,0.0,0.0,1.0
Julie Allemand  J Allemand,"$61,049",--,25,4,16.1,3.0,1.0,2.4,41.7%,0.6,1.2,55.2%,0.4,1.2,29.0%,0.6,0.7,83.3%,0.4,1.2,1.6,3.4,1.3,0.6,0.1,0.9
Evina Westbrook  E Westbrook,"$26,344",UFA,20,2,10.2,2.8,1.0,2.7,37.7%,0.8,1.7,45.5%,0.3,1.0,25.0%,0.6,0.8,73.3%,0.1,1.0,1.0,1.2,0.8,0.4,0.4,0.9
Evina Westbrook  E Westbrook,"$12,573",UFA,20,2,10.2,2.8,1.0,2.7,37.7%,0.8,1.7,45.5%,0.3,1.0,25.0%,0.6,0.8,73.3%,0.1,1.0,1.0,1.2,0.8,0.4,0.4,0.9
Evina Westbrook  E Westbrook,"$16,764",UFA,20,2,10.2,2.8,1.0,2.7,37.7%,0.8,1.7,45.5%,0.3,1.0,25.0%,0.6,0.8,73.3%,0.1,1.0,1.0,1.2,0.8,0.4,0.4,0.9
Awak Kuier  A Kuier,"$71,441",Rookie,33,0,12.6,2.8,1.0,2.6,39.5%,0.9,2.0,46.2%,0.1,0.6,19.0%,0.6,0.9,61.3%,0.7,1.8,2.5,0.9,0.6,0.4,0.9,0.8
Kianna Smith  K Smith,"$8,382",UFA,11,0,10.2,2.6,1.0,3.2,31.4%,0.5,1.5,35.3%,0.5,1.6,27.8%,0.2,0.2,100.0%,0.5,0.4,0.8,0.5,0.4,0.4,0.0,1.0
Kianna Smith  K Smith,"$9,285",UFA,11,0,10.2,2.6,1.0,3.2,31.4%,0.5,1.5,35.3%,0.5,1.6,27.8%,0.2,0.2,100.0%,0.5,0.4,0.8,0.5,0.4,0.4,0.0,1.0
Jocelyn Willoughby  J Willoughby,"$70,127",--,11,4,11.0,2.6,1.0,2.4,42.3%,0.7,1.4,53.3%,0.3,1.0,27.3%,0.4,0.7,50.0%,0.2,1.5,1.6,0.4,0.8,0.5,0.2,0.7
Veronica Burton  V Burton,"$69,224",Rookie,36,6,15.2,2.6,0.7,2.1,32.9%,0.4,0.9,39.4%,0.3,1.2,27.9%,0.9,0.9,100.0%,0.5,1.0,1.5,1.9,1.0,0.9,0.3,1.4
Kia Vaughn  K Vaughn,"$110,000",UFA,29,1,13.8,2.5,1.1,2.8,40.0%,1.1,2.7,40.5%,0.0,0.0,0.0%,0.3,0.4,69.2%,1.0,2.2,3.2,0.9,1.2,0.3,0.3,1.7
Ruthy Hebard  R Hebard,"$73,211",--,24,0,9.7,2.3,1.0,2.0,51.0%,1.0,2.0,51.0%,0.0,0.0,--,0.3,0.3,75.0%,0.3,1.4,1.7,0.5,0.5,0.3,0.1,1.2
DiDi Richards  D Richards,"$62,774",Rookie,14,0,11.1,2.3,0.8,2.6,30.6%,0.6,1.8,32.0%,0.2,0.8,27.3%,0.5,0.7,70.0%,0.4,1.4,1.7,1.4,0.9,0.1,0.4,1.8
Kiah Stokes  K Stokes,"$115,000",UFA,31,4,15.3,2.3,0.8,2.0,42.6%,0.7,1.2,56.8%,0.2,0.8,20.8%,0.4,0.5,81.3%,0.9,3.5,4.4,0.6,0.6,0.5,0.8,1.3
Khayla Pointer  K Pointer,"$37,121",ROS,10,0,5.8,2.2,0.7,1.2,58.3%,0.6,0.8,75.0%,0.1,0.4,25.0%,0.7,1.4,50.0%,0.1,0.7,0.8,0.2,0.9,0.2,0.0,0.2
Reshanda Gray  R Gray,"$15,000",UFA,27,0,8.8,2.2,0.9,2.1,43.9%,0.8,1.6,51.2%,0.1,0.5,21.4%,0.2,0.3,66.7%,0.6,1.4,2.0,0.4,1.0,0.3,0.2,2.1
Reshanda Gray  R Gray,"$19,999",UFA,27,0,8.8,2.2,0.9,2.1,43.9%,0.8,1.6,51.2%,0.1,0.5,21.4%,0.2,0.3,66.7%,0.6,1.4,2.0,0.4,1.0,0.3,0.2,2.1
Reshanda Gray  R Gray,"$36,428",UFA,27,0,8.8,2.2,0.9,2.1,43.9%,0.8,1.6,51.2%,0.1,0.5,21.4%,0.2,0.3,66.7%,0.6,1.4,2.0,0.4,1.0,0.3,0.2,2.1
Beatrice Mompremier  B Mompremier,"$60,471",Reserved,21,0,8.3,2.1,1.0,2.1,45.5%,1.0,2.1,45.5%,0.0,0.0,--,0.2,0.6,38.5%,1.0,1.9,2.8,0.4,0.7,0.1,0.6,1.3
Nia Clouden  N Clouden,"$66,306",Rookie,28,0,8.9,2.1,0.6,1.9,34.0%,0.2,0.9,25.0%,0.4,1.0,41.4%,0.4,0.6,58.8%,0.1,0.8,0.8,0.8,0.4,0.2,0.0,0.9
Joyner Holmes  J Holmes,"$30,535",UFA,26,0,7.9,2.0,0.7,2.3,31.1%,0.5,1.5,35.9%,0.2,0.8,22.7%,0.4,0.5,76.9%,0.2,1.1,1.3,0.5,0.7,0.3,0.1,0.8
Joyner Holmes  J Holmes,"$14,968",UFA,26,0,7.9,2.0,0.7,2.3,31.1%,0.5,1.5,35.9%,0.2,0.8,22.7%,0.4,0.5,76.9%,0.2,1.1,1.3,0.5,0.7,0.3,0.1,0.8
Joyner Holmes  J Holmes,"$12,573",UFA,26,0,7.9,2.0,0.7,2.3,31.1%,0.5,1.5,35.9%,0.2,0.8,22.7%,0.4,0.5,76.9%,0.2,1.1,1.3,0.5,0.7,0.3,0.1,0.8
Anneli Maley  A Maley,"$8,083",Hardship,4,0,11.1,2.0,0.8,1.5,50.0%,0.3,0.8,33.3%,0.5,0.8,66.7%,0.0,0.0,--,0.8,1.0,1.8,0.8,0.3,0.8,0.3,1.5
Charli Collier  C Collier,"$71,441",Rookie,17,0,4.6,2.0,0.7,1.6,44.4%,0.7,1.5,48.0%,0.0,0.1,0.0%,0.6,0.8,71.4%,0.2,0.4,0.6,0.1,0.6,0.1,0.0,1.1
Mercedes Russell  M Russell,"$160,000",RFA,5,0,10.7,2.0,0.8,1.6,50.0%,0.8,1.6,50.0%,0.0,0.0,--,0.4,0.6,66.7%,0.4,1.4,1.8,0.2,1.4,0.0,0.0,1.4
Rui Machida  R Machida,"$60,471",UFA,36,2,12.9,1.8,0.7,2.3,31.0%,0.5,1.4,38.0%,0.2,0.9,20.6%,0.2,0.3,66.7%,0.2,0.9,1.1,2.6,1.1,0.4,0.1,0.7
Stephanie Jones  S Jones,"$3,143",Hardship,5,0,5.3,1.8,0.6,1.6,37.5%,0.4,1.2,33.3%,0.2,0.4,50.0%,0.4,0.4,100.0%,0.2,0.2,0.4,0.4,0.0,0.2,0.0,1.0
Stephanie Jones  S Jones,"$1,796",Hardship,5,0,5.3,1.8,0.6,1.6,37.5%,0.4,1.2,33.3%,0.2,0.4,50.0%,0.4,0.4,100.0%,0.2,0.2,0.4,0.4,0.0,0.2,0.0,1.0
Li Yueru  L Yueru,"$60,471",--,16,0,5.1,1.8,0.5,1.1,44.4%,0.5,1.1,44.4%,0.0,0.0,--,0.8,0.8,100.0%,0.3,1.2,1.5,0.1,0.8,0.1,0.1,0.6
Rae Burrell  R Burrell,"$66,306",Rookie,3,1,14.5,1.7,0.3,3.0,11.1%,0.0,1.0,0.0%,0.3,2.0,16.7%,0.7,0.7,100.0%,0.3,0.7,1.0,0.3,0.3,0.7,0.0,1.3
Jasmine Walker  J Walker,"$68,552",Rookie,32,1,8.8,1.6,0.6,2.4,25.0%,0.3,0.8,34.6%,0.3,1.6,20.0%,0.1,0.1,100.0%,0.4,1.1,1.5,0.2,0.5,0.2,0.1,0.9
Sydney Colson  S Colson,"$72,141",UFA,18,0,6.8,1.6,0.6,1.8,31.3%,0.4,1.2,33.3%,0.2,0.6,27.3%,0.3,0.3,100.0%,0.2,0.3,0.4,1.0,0.4,0.1,0.0,0.8
Aisha Sheppard  A Sheppard,"$63,389",Rookie,23,0,7.6,1.5,0.4,1.8,23.8%,0.0,0.4,11.1%,0.4,1.4,27.3%,0.3,0.3,75.0%,0.3,0.3,0.6,0.3,0.3,0.2,0.0,1.1
Kristine Anigwe  K Anigwe,"$36,428",UFA,10,1,6.5,1.5,0.5,1.0,50.0%,0.5,1.0,50.0%,0.0,0.0,--,0.5,1.0,50.0%,0.5,0.8,1.3,0.2,0.6,0.1,0.2,1.2
Kamiah Smalls  K Smalls,"$4,041",Hardship,3,0,11.3,1.3,0.7,2.7,25.0%,0.7,1.3,50.0%,0.0,1.3,0.0%,0.0,0.0,--,0.0,1.7,1.7,2.0,1.3,1.3,0.0,2.0
Kierstan Bell  K Bell,"$66,306",Rookie,21,1,5.8,1.3,0.5,1.6,30.3%,0.3,0.5,63.6%,0.1,1.0,13.6%,0.2,0.2,100.0%,0.2,0.7,0.9,0.3,0.2,0.1,0.1,0.5
Rennia Davis  R Davis,"$1,347",Hardship,8,0,5.4,1.3,0.6,1.6,38.5%,0.6,1.4,45.5%,0.0,0.3,0.0%,0.0,0.0,--,0.4,0.6,1.0,0.1,0.4,0.3,0.0,0.4
Rennia Davis  R Davis,"$18,560",Hardship,8,0,5.4,1.3,0.6,1.6,38.5%,0.6,1.4,45.5%,0.0,0.3,0.0%,0.0,0.0,--,0.4,0.6,1.0,0.1,0.4,0.3,0.0,0.4
Kiana Williams  K Williams,"$3,143",UFA,4,0,7.3,1.3,0.5,2.0,25.0%,0.3,1.0,25.0%,0.3,1.0,25.0%,0.0,0.0,--,0.0,0.5,0.5,1.3,0.5,0.0,0.0,0.3
Kiana Williams  K Williams,"$4,041",Hardship,4,0,7.3,1.3,0.5,2.0,25.0%,0.3,1.0,25.0%,0.3,1.0,25.0%,0.0,0.0,--,0.0,0.5,0.5,1.3,0.5,0.0,0.0,0.3
Jasmine Dickey  J Dickey,"$60,471",Rookie,20,0,4.7,1.1,0.4,1.7,21.2%,0.3,1.5,20.7%,0.1,0.2,25.0%,0.3,0.5,66.7%,0.3,0.3,0.6,0.1,0.3,0.2,0.1,0.5
Jazmine Jones  J Jones,"$6,586",ROS,8,0,5.8,0.8,0.3,1.0,25.0%,0.3,0.6,40.0%,0.0,0.4,0.0%,0.3,0.6,40.0%,0.0,0.3,0.3,0.1,0.4,0.3,0.0,0.6
Jazmine Jones  J Jones,"$12,573",UFA,8,0,5.8,0.8,0.3,1.0,25.0%,0.3,0.6,40.0%,0.0,0.4,0.0%,0.3,0.6,40.0%,0.0,0.3,0.3,0.1,0.4,0.3,0.0,0.6
Amy Atwell  A Atwell,"$20,955",Rookie,4,1,7.9,0.8,0.3,2.3,11.1%,0.0,0.8,0.0%,0.3,1.5,16.7%,0.0,0.0,--,0.3,0.3,0.5,0.5,0.5,0.0,0.0,0.3
Jazmine Jones  J Jones,"$2,994",ROS,8,0,5.8,0.8,0.3,1.0,25.0%,0.3,0.6,40.0%,0.0,0.4,0.0%,0.3,0.6,40.0%,0.0,0.3,0.3,0.1,0.4,0.3,0.0,0.6
Lorela Cubaj  L Cubaj,"$63,389",Rookie,11,0,8.0,0.7,0.4,1.1,33.3%,0.4,1.1,33.3%,0.0,0.0,--,0.0,0.0,--,0.8,1.3,2.1,0.4,0.5,0.0,0.2,1.1
Elissa Cunane  E Cunane,"$9,878",Hardship,3,0,3.3,0.7,0.3,0.7,50.0%,0.3,0.3,100.0%,0.0,0.3,0.0%,0.0,0.0,--,0.7,1.0,1.7,0.0,0.3,0.0,0.0,0.3
Sam Thomas  S Thomas,"$60,471",UFA,24,0,4.9,0.4,0.2,0.8,21.1%,0.1,0.2,75.0%,0.0,0.6,6.7%,0.0,0.0,100.0%,0.1,0.1,0.2,0.3,0.2,0.3,0.1,0.5
Kaila Charles  K Charles,"$1,796",Hardship,1,0,2.0,0.0,0.0,0.0,--,0.0,0.0,--,0.0,0.0,--,0.0,0.0,--,0.0,0.0,0.0,0.0,0.0,0.0,0.0,1.0
Tina Krajisnik  T Krajisnik,"$8,532",Hardship,2,0,2.7,0.0,0.0,0.5,0.0%,0.0,0.5,0.0%,0.0,0.0,--,0.0,0.0,--,0.0,0.0,0.0,1.0,0.0,0.5,0.0,1.0
Kaila Charles  K Charles,$898,Hardship,1,0,2.0,0.0,0.0,0.0,--,0.0,0.0,--,0.0,0.0,--,0.0,0.0,--,0.0,0.0,0.0,0.0,0.0,0.0,0.0,1.0
Hannah Sjerven  H Sjerven,"$4,490",Hardship,3,0,3.0,0.0,0.0,0.3,0.0%,0.0,0.3,0.0%,0.0,0.0,--,0.0,0.0,--,0.0,0.0,0.0,0.0,0.0,0.0,0.3,0.7
Raina Perez  R Perez,"$2,245",Hardship,1,0,2.3,0.0,0.0,0.0,--,0.0,0.0,--,0.0,0.0,--,0.0,0.0,--,0.0,0.0,0.0,1.0,0.0,0.0,0.0,0.0
Brittney Griner  B Griner,"$227,900",--,0,0,--,--,--,--,--,--,--,--,--,--,--,--,--,--,--,--,--,--,--,--,--,--
Kia Nurse  K Nurse,"$73,542",RFA,0,0,--,--,--,--,--,--,--,--,--,--,--,--,--,--,--,--,--,--,--,--,--,--
