season,seasontype,week,poll,rank,team,conference,points
2017,regular,1,AFCA Division II Coaches Poll,1,Northwest Missouri St,Mid America,850
2017,regular,1,AFCA Division II Coaches Poll,2,Grand Valley State University,GLIAC,765
2017,regular,1,AFCA Division II Coaches Poll,3,Ferris State,GLIAC,716
2017,regular,1,AFCA Division II Coaches Poll,4,Emporia State University,Mid America,652
2017,regular,1,AFCA Division II Coaches Poll,5,East Texas A&M,Lone Star,634
2017,regular,1,AFCA Division II Coaches Poll,6,North Alabama,Gulf South,622
2017,regular,1,AFCA Division II Coaches Poll,7,Shepherd,Mountain East,574
2017,regular,1,AFCA Division II Coaches Poll,8,PennWest California,Pennsylvania State Athletic,568
2017,regular,1,AFCA Division II Coaches Poll,9,Indiana-Pennsylvania,Pennsylvania State Athletic,500
2017,regular,1,AFCA Division II Coaches Poll,10,Minnesota Duluth,Northern Sun,431
2017,regular,1,AFCA Division II Coaches Poll,11,Valdosta State,Gulf South,390
2017,regular,1,AFCA Division II Coaches Poll,12,CSU Pueblo,Rocky Mountain,349
2017,regular,1,AFCA Division II Coaches Poll,13,Azusa Pacific,Great Northwest,302
2017,regular,1,AFCA Division II Coaches Poll,14,LIU Post,Northeast 10,288
2017,regular,1,AFCA Division II Coaches Poll,15,Harding University,Great American,281
2017,regular,1,AFCA Division II Coaches Poll,16,Colorado School Of Mines,Rocky Mountain,254
2017,regular,1,AFCA Division II Coaches Poll,17,Sioux Falls,Northern Sun,235
2017,regular,1,AFCA Division II Coaches Poll,18,Southwest Baptist,Great Lakes,227
2017,regular,1,AFCA Division II Coaches Poll,19,UNC Pembroke,Independent DII,220
2017,regular,1,AFCA Division II Coaches Poll,20,Minnesota State Mankato,Northern Sun,201
2017,regular,1,AFCA Division II Coaches Poll,21,Central Missouri,Mid America,189
2017,regular,1,AFCA Division II Coaches Poll,22,Southern Arkansas,Great American,157
2017,regular,1,AFCA Division II Coaches Poll,23,Colorado Mesa,Rocky Mountain,154
2017,regular,1,AFCA Division II Coaches Poll,24,Midwestern State,Lone Star,138
2017,regular,1,AFCA Division II Coaches Poll,25,Bemidji State,Northern Sun,133
2017,regular,1,AP Top 25,1,Alabama,SEC,1513
2017,regular,1,AP Top 25,2,Ohio State,Big Ten,1414
2017,regular,1,AP Top 25,3,Florida State,ACC,1396
2017,regular,1,AP Top 25,4,USC,Pac-12,1325
2017,regular,1,AP Top 25,5,Clemson,ACC,1201
2017,regular,1,AP Top 25,6,Penn State,Big Ten,1196
2017,regular,1,AP Top 25,7,Oklahoma,Big 12,1170
2017,regular,1,AP Top 25,8,Washington,Pac-12,1150
2017,regular,1,AP Top 25,9,Wisconsin,Big Ten,926
2017,regular,1,AP Top 25,10,Oklahoma State,Big 12,889
2017,regular,1,AP Top 25,11,Michigan,Big Ten,881
2017,regular,1,AP Top 25,12,Auburn,SEC,880
2017,regular,1,AP Top 25,13,LSU,SEC,784
2017,regular,1,AP Top 25,14,Stanford,Pac-12,695
2017,regular,1,AP Top 25,15,Georgia,SEC,690
2017,regular,1,AP Top 25,16,Louisville,ACC,629
2017,regular,1,AP Top 25,17,Florida,SEC,624
2017,regular,1,AP Top 25,18,Miami,ACC,492
2017,regular,1,AP Top 25,19,South Florida,American Athletic,327
2017,regular,1,AP Top 25,20,Kansas State,Big 12,317
2017,regular,1,AP Top 25,21,Virginia Tech,ACC,240
2017,regular,1,AP Top 25,22,West Virginia,Big 12,207
2017,regular,1,AP Top 25,23,Texas,Big 12,173
2017,regular,1,AP Top 25,24,Washington State,Pac-12,133
2017,regular,1,AP Top 25,25,Tennessee,SEC,114
2017,regular,1,Coaches Poll,1,Alabama,SEC,1603
2017,regular,1,Coaches Poll,2,Ohio State,Big Ten,1512
2017,regular,1,Coaches Poll,3,Florida State,ACC,1434
2017,regular,1,Coaches Poll,4,USC,Pac-12,1415
2017,regular,1,Coaches Poll,5,Clemson,ACC,1367
2017,regular,1,Coaches Poll,6,Penn State,Big Ten,1257
2017,regular,1,Coaches Poll,7,Washington,Pac-12,1245
2017,regular,1,Coaches Poll,8,Oklahoma,Big 12,1237
2017,regular,1,Coaches Poll,9,Michigan,Big Ten,959
2017,regular,1,Coaches Poll,10,Wisconsin,Big Ten,936
2017,regular,1,Coaches Poll,11,Oklahoma State,Big 12,912
2017,regular,1,Coaches Poll,12,LSU,SEC,834
2017,regular,1,Coaches Poll,13,Auburn,SEC,819
2017,regular,1,Coaches Poll,14,Stanford,Pac-12,732
2017,regular,1,Coaches Poll,15,Georgia,SEC,701
2017,regular,1,Coaches Poll,16,Florida,SEC,681
2017,regular,1,Coaches Poll,17,Louisville,ACC,676
2017,regular,1,Coaches Poll,18,Miami,ACC,472
2017,regular,1,Coaches Poll,19,Kansas State,Big 12,339
2017,regular,1,Coaches Poll,20,West Virginia,Big 12,319
2017,regular,1,Coaches Poll,21,South Florida,American Athletic,247
2017,regular,1,Coaches Poll,22,Virginia Tech,ACC,235
2017,regular,1,Coaches Poll,23,Texas,Big 12,193
2017,regular,1,Coaches Poll,24,Tennessee,SEC,155
2017,regular,1,Coaches Poll,25,Utah,Pac-12,109
2017,regular,1,FCS Coaches Poll,1,James Madison,CAA,642
2017,regular,1,FCS Coaches Poll,2,North Dakota State,MVFC,618
2017,regular,1,FCS Coaches Poll,3,Sam Houston,Southland,577
2017,regular,1,FCS Coaches Poll,4,Eastern Washington,Big Sky,525
2017,regular,1,FCS Coaches Poll,5,Jacksonville State,OVC,493
2017,regular,1,FCS Coaches Poll,6,South Dakota State,MVFC,479
2017,regular,1,FCS Coaches Poll,7,Richmond,CAA,474
2017,regular,1,FCS Coaches Poll,8,Youngstown State,MVFC,450
2017,regular,1,FCS Coaches Poll,9,Villanova,CAA,413
2017,regular,1,FCS Coaches Poll,10,North Dakota,Big Sky,412
2017,regular,1,FCS Coaches Poll,11,Wofford,Southern,381
2017,regular,1,FCS Coaches Poll,12,The Citadel,Southern,333
2017,regular,1,FCS Coaches Poll,13,Chattanooga,Southern,330
2017,regular,1,FCS Coaches Poll,14,Charleston Southern,Big South,261
2017,regular,1,FCS Coaches Poll,15,Central Arkansas,Southland,251
2017,regular,1,FCS Coaches Poll,16,New Hampshire,CAA,244
2017,regular,1,FCS Coaches Poll,17,Lehigh,Patriot,177
2017,regular,1,FCS Coaches Poll,18,Illinois State,MVFC,149
2017,regular,1,FCS Coaches Poll,19,Samford,Southern,144
2017,regular,1,FCS Coaches Poll,20,Northern Iowa,MVFC,136
2017,regular,1,FCS Coaches Poll,21,Grambling,SWAC,133
2017,regular,1,FCS Coaches Poll,22,Weber State,Big Sky,102
2017,regular,1,FCS Coaches Poll,23,Cal Poly,Big Sky,85
2017,regular,1,FCS Coaches Poll,24,North Carolina Central,MEAC,83
2017,regular,1,FCS Coaches Poll,25,North Carolina A&T,MEAC,78
2017,regular,2,AFCA Division II Coaches Poll,1,Northwest Missouri St,Mid America,850
2017,regular,2,AFCA Division II Coaches Poll,2,Ferris State,GLIAC,810
2017,regular,2,AFCA Division II Coaches Poll,3,East Texas A&M,Lone Star,782
2017,regular,2,AFCA Division II Coaches Poll,4,Shepherd,Mountain East,715
2017,regular,2,AFCA Division II Coaches Poll,5,PennWest California,Pennsylvania State Athletic,703
2017,regular,2,AFCA Division II Coaches Poll,6,Indiana-Pennsylvania,Pennsylvania State Athletic,674
2017,regular,2,AFCA Division II Coaches Poll,7,Sioux Falls,Northern Sun,617
2017,regular,2,AFCA Division II Coaches Poll,8,Minnesota State Mankato,Northern Sun,561
2017,regular,2,AFCA Division II Coaches Poll,9,LIU Post,Northeast 10,560
2017,regular,2,AFCA Division II Coaches Poll,10,North Alabama,Gulf South,532
2017,regular,2,AFCA Division II Coaches Poll,11,Colorado Mesa,Rocky Mountain,453
2017,regular,2,AFCA Division II Coaches Poll,12,Grand Valley State University,GLIAC,417
2017,regular,2,AFCA Division II Coaches Poll,13,Midwestern State,Lone Star,402
2017,regular,2,AFCA Division II Coaches Poll,14,Emporia State University,Mid America,397
2017,regular,2,AFCA Division II Coaches Poll,15,Indianapolis,Great Lakes,389
2017,regular,2,AFCA Division II Coaches Poll,16,Albany State GA,SIAC,369
2017,regular,2,AFCA Division II Coaches Poll,17,West Georgia,Gulf South,261
2017,regular,2,AFCA Division II Coaches Poll,18,CSU Pueblo,Rocky Mountain,244
2017,regular,2,AFCA Division II Coaches Poll,19,Arkansas Tech,Great American,180
2017,regular,2,AFCA Division II Coaches Poll,20,Minnesota Duluth,Northern Sun,171
2017,regular,2,AFCA Division II Coaches Poll,21,Fort Hays State,Mid America,152
2017,regular,2,AFCA Division II Coaches Poll,22,Azusa Pacific,Great Northwest,115
2017,regular,2,AFCA Division II Coaches Poll,23,Central Washington,Great Northwest,103
2017,regular,2,AFCA Division II Coaches Poll,24,Delta State,Gulf South,92
2017,regular,2,AFCA Division II Coaches Poll,25,Slippery Rock,Pennsylvania State Athletic,69
2017,regular,2,AP Top 25,1,Alabama,SEC,1524
2017,regular,2,AP Top 25,2,Ohio State,Big Ten,1445
2017,regular,2,AP Top 25,3,Clemson,ACC,1317
2017,regular,2,AP Top 25,4,Penn State,Big Ten,1303
2017,regular,2,AP Top 25,5,Oklahoma,Big 12,1253
2017,regular,2,AP Top 25,6,USC,Pac-12,1224
2017,regular,2,AP Top 25,7,Washington,Pac-12,1083
2017,regular,2,AP Top 25,8,Michigan,Big Ten,1051
2017,regular,2,AP Top 25,9,Wisconsin,Big Ten,979
2017,regular,2,AP Top 25,10,Florida State,ACC,976
2017,regular,2,AP Top 25,11,Oklahoma State,Big 12,950
2017,regular,2,AP Top 25,12,LSU,SEC,898
2017,regular,2,AP Top 25,13,Auburn,SEC,873
2017,regular,2,AP Top 25,14,Stanford,Pac-12,772
2017,regular,2,AP Top 25,15,Georgia,SEC,685
2017,regular,2,AP Top 25,16,Miami,ACC,537
2017,regular,2,AP Top 25,17,Louisville,ACC,529
2017,regular,2,AP Top 25,18,Virginia Tech,ACC,490
2017,regular,2,AP Top 25,19,Kansas State,Big 12,398
2017,regular,2,AP Top 25,20,Washington State,Pac-12,216
2017,regular,2,AP Top 25,21,South Florida,American Athletic,207
2017,regular,2,AP Top 25,22,Florida,SEC,164
2017,regular,2,AP Top 25,23,TCU,Big 12,154
2017,regular,2,AP Top 25,24,Notre Dame,FBS Independents,141
2017,regular,2,AP Top 25,25,Tennessee,SEC,124
2017,regular,2,Coaches Poll,1,Alabama,SEC,1619
2017,regular,2,Coaches Poll,2,Ohio State,Big Ten,1526
2017,regular,2,Coaches Poll,3,Clemson,ACC,1466
2017,regular,2,Coaches Poll,4,Penn State,Big Ten,1343
2017,regular,2,Coaches Poll,5,USC,Pac-12,1338
2017,regular,2,Coaches Poll,6,Oklahoma,Big 12,1274
2017,regular,2,Coaches Poll,7,Washington,Pac-12,1202
2017,regular,2,Coaches Poll,8,Michigan,Big Ten,1105
2017,regular,2,Coaches Poll,9,Florida State,ACC,1044
2017,regular,2,Coaches Poll,10,Oklahoma State,Big 12,1020
2017,regular,2,Coaches Poll,11,Wisconsin,Big Ten,963
2017,regular,2,Coaches Poll,12,LSU,SEC,941
2017,regular,2,Coaches Poll,13,Auburn,SEC,863
2017,regular,2,Coaches Poll,14,Stanford,Pac-12,839
2017,regular,2,Coaches Poll,15,Georgia,SEC,767
2017,regular,2,Coaches Poll,16,Louisville,ACC,574
2017,regular,2,Coaches Poll,17,Miami,ACC,549
2017,regular,2,Coaches Poll,18,Virginia Tech,ACC,502
2017,regular,2,Coaches Poll,19,Kansas State,Big 12,434
2017,regular,2,Coaches Poll,20,South Florida,American Athletic,257
2017,regular,2,Coaches Poll,21,Tennessee,SEC,197
2017,regular,2,Coaches Poll,22,Washington State,Pac-12,192
2017,regular,2,Coaches Poll,23,Utah,Pac-12,185
2017,regular,2,Coaches Poll,24,Florida,SEC,179
2017,regular,2,Coaches Poll,25,Notre Dame,FBS Independents,116
2017,regular,2,FCS Coaches Poll,1,James Madison,CAA,649
2017,regular,2,FCS Coaches Poll,2,North Dakota State,MVFC,622
2017,regular,2,FCS Coaches Poll,3,Sam Houston,Southland,596
2017,regular,2,FCS Coaches Poll,4,South Dakota State,MVFC,525
2017,regular,2,FCS Coaches Poll,5,Jacksonville State,OVC,514
2017,regular,2,FCS Coaches Poll,6,Eastern Washington,Big Sky,466
2017,regular,2,FCS Coaches Poll,6,Youngstown State,MVFC,466
2017,regular,2,FCS Coaches Poll,8,Villanova,CAA,447
2017,regular,2,FCS Coaches Poll,9,Richmond,CAA,404
2017,regular,2,FCS Coaches Poll,10,Wofford,Southern,363
2017,regular,2,FCS Coaches Poll,11,North Dakota,Big Sky,355
2017,regular,2,FCS Coaches Poll,12,New Hampshire,CAA,313
2017,regular,2,FCS Coaches Poll,13,The Citadel,Southern,297
2017,regular,2,FCS Coaches Poll,14,Chattanooga,Southern,286
2017,regular,2,FCS Coaches Poll,15,Illinois State,MVFC,279
2017,regular,2,FCS Coaches Poll,16,Central Arkansas,Southland,239
2017,regular,2,FCS Coaches Poll,17,Samford,Southern,219
2017,regular,2,FCS Coaches Poll,18,Charleston Southern,Big South,203
2017,regular,2,FCS Coaches Poll,19,Lehigh,Patriot,182
2017,regular,2,FCS Coaches Poll,20,Weber State,Big Sky,150
2017,regular,2,FCS Coaches Poll,21,North Carolina A&T,MEAC,124
2017,regular,2,FCS Coaches Poll,21,Northern Iowa,MVFC,124
2017,regular,2,FCS Coaches Poll,23,Grambling,SWAC,83
2017,regular,2,FCS Coaches Poll,24,Tennessee State,OVC,81
2017,regular,2,FCS Coaches Poll,25,Colgate,Patriot,71
2017,regular,3,AFCA Division II Coaches Poll,1,Northwest Missouri St,Mid America,850
2017,regular,3,AFCA Division II Coaches Poll,2,Ferris State,GLIAC,811
2017,regular,3,AFCA Division II Coaches Poll,3,East Texas A&M,Lone Star,779
2017,regular,3,AFCA Division II Coaches Poll,4,Shepherd,Mountain East,737
2017,regular,3,AFCA Division II Coaches Poll,5,PennWest California,Pennsylvania State Athletic,693
2017,regular,3,AFCA Division II Coaches Poll,6,Indiana-Pennsylvania,Pennsylvania State Athletic,673
2017,regular,3,AFCA Division II Coaches Poll,7,Sioux Falls,Northern Sun,619
2017,regular,3,AFCA Division II Coaches Poll,8,Minnesota State Mankato,Northern Sun,607
2017,regular,3,AFCA Division II Coaches Poll,9,LIU Post,Northeast 10,572
2017,regular,3,AFCA Division II Coaches Poll,10,North Alabama,Gulf South,547
2017,regular,3,AFCA Division II Coaches Poll,11,Colorado Mesa,Rocky Mountain,501
2017,regular,3,AFCA Division II Coaches Poll,12,Grand Valley State University,GLIAC,456
2017,regular,3,AFCA Division II Coaches Poll,13,Midwestern State,Lone Star,443
2017,regular,3,AFCA Division II Coaches Poll,14,Indianapolis,Great Lakes,402
2017,regular,3,AFCA Division II Coaches Poll,15,Emporia State University,Mid America,367
2017,regular,3,AFCA Division II Coaches Poll,16,Arkansas Tech,Great American,300
2017,regular,3,AFCA Division II Coaches Poll,17,Delta State,Gulf South,268
2017,regular,3,AFCA Division II Coaches Poll,18,Fort Hays State,Mid America,259
2017,regular,3,AFCA Division II Coaches Poll,19,CSU Pueblo,Rocky Mountain,257
2017,regular,3,AFCA Division II Coaches Poll,20,Central Washington,Great Northwest,247
2017,regular,3,AFCA Division II Coaches Poll,21,Slippery Rock,Pennsylvania State Athletic,166
2017,regular,3,AFCA Division II Coaches Poll,22,Humboldt State,Great Northwest,77
2017,regular,3,AFCA Division II Coaches Poll,23,Bowie State,CIAA,72
2017,regular,3,AFCA Division II Coaches Poll,24,Assumption,Northeast 10,60
2017,regular,3,AFCA Division II Coaches Poll,25,Catawba,South Atlantic,54
2017,regular,3,AP Top 25,1,Alabama,SEC,1522
2017,regular,3,AP Top 25,2,Oklahoma,Big 12,1447
2017,regular,3,AP Top 25,3,Clemson,ACC,1380
2017,regular,3,AP Top 25,4,USC,Pac-12,1324
2017,regular,3,AP Top 25,5,Penn State,Big Ten,1299
2017,regular,3,AP Top 25,6,Washington,Pac-12,1124
2017,regular,3,AP Top 25,7,Michigan,Big Ten,1107
2017,regular,3,AP Top 25,8,Ohio State,Big Ten,1003
2017,regular,3,AP Top 25,9,Oklahoma State,Big 12,1002
2017,regular,3,AP Top 25,10,Wisconsin,Big Ten,993
2017,regular,3,AP Top 25,11,Florida State,ACC,944
2017,regular,3,AP Top 25,12,LSU,SEC,935
2017,regular,3,AP Top 25,13,Georgia,SEC,882
2017,regular,3,AP Top 25,14,Louisville,ACC,658
2017,regular,3,AP Top 25,15,Auburn,SEC,591
2017,regular,3,AP Top 25,16,Virginia Tech,ACC,559
2017,regular,3,AP Top 25,17,Miami,ACC,542
2017,regular,3,AP Top 25,18,Kansas State,Big 12,475
2017,regular,3,AP Top 25,19,Stanford,Pac-12,364
2017,regular,3,AP Top 25,20,TCU,Big 12,352
2017,regular,3,AP Top 25,21,Washington State,Pac-12,233
2017,regular,3,AP Top 25,22,South Florida,American Athletic,188
2017,regular,3,AP Top 25,23,Tennessee,SEC,159
2017,regular,3,AP Top 25,24,Florida,SEC,146
2017,regular,3,AP Top 25,25,UCLA,Pac-12,119
2017,regular,3,Coaches Poll,1,Alabama,SEC,1497
2017,regular,3,Coaches Poll,2,Clemson,ACC,1386
2017,regular,3,Coaches Poll,3,Oklahoma,Big 12,1385
2017,regular,3,Coaches Poll,4,USC,Pac-12,1308
2017,regular,3,Coaches Poll,5,Penn State,Big Ten,1256
2017,regular,3,Coaches Poll,6,Washington,Pac-12,1173
2017,regular,3,Coaches Poll,7,Michigan,Big Ten,1082
2017,regular,3,Coaches Poll,8,Oklahoma State,Big 12,1026
2017,regular,3,Coaches Poll,9,Ohio State,Big Ten,962
2017,regular,3,Coaches Poll,10,Florida State,ACC,926
2017,regular,3,Coaches Poll,11,LSU,SEC,920
2017,regular,3,Coaches Poll,12,Wisconsin,Big Ten,919
2017,regular,3,Coaches Poll,13,Georgia,SEC,830
2017,regular,3,Coaches Poll,14,Louisville,ACC,658
2017,regular,3,Coaches Poll,15,Miami,ACC,551
2017,regular,3,Coaches Poll,16,Virginia Tech,ACC,509
2017,regular,3,Coaches Poll,17,Auburn,SEC,488
2017,regular,3,Coaches Poll,18,Kansas State,Big 12,487
2017,regular,3,Coaches Poll,19,Stanford,Pac-12,372
2017,regular,3,Coaches Poll,20,TCU,Big 12,271
2017,regular,3,Coaches Poll,21,South Florida,American Athletic,249
2017,regular,3,Coaches Poll,22,Washington State,Pac-12,244
2017,regular,3,Coaches Poll,23,Tennessee,SEC,219
2017,regular,3,Coaches Poll,24,Utah,Pac-12,182
2017,regular,3,Coaches Poll,25,Florida,SEC,134
2017,regular,3,FCS Coaches Poll,1,James Madison,CAA,648
2017,regular,3,FCS Coaches Poll,2,North Dakota State,MVFC,626
2017,regular,3,FCS Coaches Poll,3,Sam Houston,Southland,585
2017,regular,3,FCS Coaches Poll,4,South Dakota State,MVFC,574
2017,regular,3,FCS Coaches Poll,5,Youngstown State,MVFC,515
2017,regular,3,FCS Coaches Poll,6,Richmond,CAA,455
2017,regular,3,FCS Coaches Poll,6,Jacksonville State,OVC,455
2017,regular,3,FCS Coaches Poll,8,Villanova,CAA,438
2017,regular,3,FCS Coaches Poll,9,Wofford,Southern,415
2017,regular,3,FCS Coaches Poll,10,North Dakota,Big Sky,405
2017,regular,3,FCS Coaches Poll,11,New Hampshire,CAA,402
2017,regular,3,FCS Coaches Poll,12,Eastern Washington,Big Sky,364
2017,regular,3,FCS Coaches Poll,13,The Citadel,Southern,349
2017,regular,3,FCS Coaches Poll,14,Illinois State,MVFC,273
2017,regular,3,FCS Coaches Poll,15,Chattanooga,Southern,260
2017,regular,3,FCS Coaches Poll,16,Central Arkansas,Southland,250
2017,regular,3,FCS Coaches Poll,17,Samford,Southern,213
2017,regular,3,FCS Coaches Poll,18,Northern Iowa,MVFC,181
2017,regular,3,FCS Coaches Poll,19,Charleston Southern,Big South,175
2017,regular,3,FCS Coaches Poll,20,North Carolina A&T,MEAC,134
2017,regular,3,FCS Coaches Poll,21,Weber State,Big Sky,123
2017,regular,3,FCS Coaches Poll,22,Western Illinois,MVFC,112
2017,regular,3,FCS Coaches Poll,23,South Dakota,MVFC,102
2017,regular,3,FCS Coaches Poll,24,Tennessee State,OVC,93
2017,regular,3,FCS Coaches Poll,25,Grambling,SWAC,87
2017,regular,4,AFCA Division II Coaches Poll,1,Northwest Missouri St,Mid America,850
2017,regular,4,AFCA Division II Coaches Poll,2,East Texas A&M,Lone Star,808
2017,regular,4,AFCA Division II Coaches Poll,3,Shepherd,Mountain East,763
2017,regular,4,AFCA Division II Coaches Poll,4,Indiana-Pennsylvania,Pennsylvania State Athletic,717
2017,regular,4,AFCA Division II Coaches Poll,5,PennWest California,Pennsylvania State Athletic,691
2017,regular,4,AFCA Division II Coaches Poll,6,Minnesota State Mankato,Northern Sun,665
2017,regular,4,AFCA Division II Coaches Poll,7,Sioux Falls,Northern Sun,663
2017,regular,4,AFCA Division II Coaches Poll,8,Colorado Mesa,Rocky Mountain,599
2017,regular,4,AFCA Division II Coaches Poll,9,Grand Valley State University,GLIAC,515
2017,regular,4,AFCA Division II Coaches Poll,10,Indianapolis,Great Lakes,487
2017,regular,4,AFCA Division II Coaches Poll,11,Arkansas Tech,Great American,454
2017,regular,4,AFCA Division II Coaches Poll,12,Midwestern State,Lone Star,451
2017,regular,4,AFCA Division II Coaches Poll,13,Delta State,Gulf South,428
2017,regular,4,AFCA Division II Coaches Poll,14,Fort Hays State,Mid America,394
2017,regular,4,AFCA Division II Coaches Poll,15,Ferris State,GLIAC,329
2017,regular,4,AFCA Division II Coaches Poll,16,Central Washington,Great Northwest,325
2017,regular,4,AFCA Division II Coaches Poll,17,CSU Pueblo,Rocky Mountain,294
2017,regular,4,AFCA Division II Coaches Poll,18,Slippery Rock,Pennsylvania State Athletic,253
2017,regular,4,AFCA Division II Coaches Poll,19,Humboldt State,Great Northwest,215
2017,regular,4,AFCA Division II Coaches Poll,20,Ashland,GLIAC,210
2017,regular,4,AFCA Division II Coaches Poll,21,Bowie State,CIAA,209
2017,regular,4,AFCA Division II Coaches Poll,22,Assumption,Northeast 10,176
2017,regular,4,AFCA Division II Coaches Poll,23,Catawba,South Atlantic,170
2017,regular,4,AFCA Division II Coaches Poll,24,LIU Post,Northeast 10,125
2017,regular,4,AFCA Division II Coaches Poll,25,Winona State,Northern Sun,59
2017,regular,4,AP Top 25,1,Alabama,SEC,1504
2017,regular,4,AP Top 25,2,Clemson,ACC,1446
2017,regular,4,AP Top 25,3,Oklahoma,Big 12,1432
2017,regular,4,AP Top 25,4,Penn State,Big Ten,1306
2017,regular,4,AP Top 25,5,USC,Pac-12,1241
2017,regular,4,AP Top 25,6,Oklahoma State,Big 12,1154
2017,regular,4,AP Top 25,7,Washington,Pac-12,1141
2017,regular,4,AP Top 25,8,Michigan,Big Ten,1081
2017,regular,4,AP Top 25,9,Wisconsin,Big Ten,1031
2017,regular,4,AP Top 25,10,Ohio State,Big Ten,1015
2017,regular,4,AP Top 25,11,Georgia,SEC,940
2017,regular,4,AP Top 25,12,Florida State,ACC,922
2017,regular,4,AP Top 25,13,Virginia Tech,ACC,730
2017,regular,4,AP Top 25,14,Miami,ACC,606
2017,regular,4,AP Top 25,15,Auburn,SEC,596
2017,regular,4,AP Top 25,16,TCU,Big 12,553
2017,regular,4,AP Top 25,17,Mississippi State,SEC,532
2017,regular,4,AP Top 25,18,Washington State,Pac-12,419
2017,regular,4,AP Top 25,19,Louisville,ACC,356
2017,regular,4,AP Top 25,20,Florida,SEC,308
2017,regular,4,AP Top 25,21,South Florida,American Athletic,272
2017,regular,4,AP Top 25,22,San Diego State,Mountain West,201
2017,regular,4,AP Top 25,23,Utah,Pac-12,194
2017,regular,4,AP Top 25,24,Oregon,Pac-12,158
2017,regular,4,AP Top 25,25,LSU,SEC,153
2017,regular,4,Coaches Poll,1,Alabama,SEC,1618
2017,regular,4,Coaches Poll,2,Clemson,ACC,1535
2017,regular,4,Coaches Poll,3,Oklahoma,Big 12,1505
2017,regular,4,Coaches Poll,4,Penn State,Big Ten,1364
2017,regular,4,Coaches Poll,5,USC,Pac-12,1348
2017,regular,4,Coaches Poll,6,Washington,Pac-12,1277
2017,regular,4,Coaches Poll,7,Oklahoma State,Big 12,1219
2017,regular,4,Coaches Poll,8,Michigan,Big Ten,1171
2017,regular,4,Coaches Poll,9,Ohio State,Big Ten,1052
2017,regular,4,Coaches Poll,10,Wisconsin,Big Ten,1032
2017,regular,4,Coaches Poll,11,Florida State,ACC,985
2017,regular,4,Coaches Poll,12,Georgia,SEC,978
2017,regular,4,Coaches Poll,13,Virginia Tech,ACC,775
2017,regular,4,Coaches Poll,14,Miami,ACC,659
2017,regular,4,Coaches Poll,15,TCU,Big 12,602
2017,regular,4,Coaches Poll,16,Auburn,SEC,555
2017,regular,4,Coaches Poll,17,South Florida,American Athletic,446
2017,regular,4,Coaches Poll,18,Washington State,Pac-12,441
2017,regular,4,Coaches Poll,19,Mississippi State,SEC,412
2017,regular,4,Coaches Poll,20,Louisville,ACC,382
2017,regular,4,Coaches Poll,21,Utah,Pac-12,324
2017,regular,4,Coaches Poll,22,Florida,SEC,312
2017,regular,4,Coaches Poll,23,LSU,SEC,243
2017,regular,4,Coaches Poll,24,Oregon,Pac-12,208
2017,regular,4,Coaches Poll,25,San Diego State,Mountain West,141
2017,regular,4,FCS Coaches Poll,1,James Madison,CAA,649
2017,regular,4,FCS Coaches Poll,2,North Dakota State,MVFC,625
2017,regular,4,FCS Coaches Poll,3,Sam Houston,Southland,591
2017,regular,4,FCS Coaches Poll,4,South Dakota State,MVFC,575
2017,regular,4,FCS Coaches Poll,5,Youngstown State,MVFC,530
2017,regular,4,FCS Coaches Poll,6,Richmond,CAA,506
2017,regular,4,FCS Coaches Poll,7,Jacksonville State,OVC,497
2017,regular,4,FCS Coaches Poll,8,Villanova,CAA,476
2017,regular,4,FCS Coaches Poll,9,Wofford,Southern,432
2017,regular,4,FCS Coaches Poll,10,The Citadel,Southern,372
2017,regular,4,FCS Coaches Poll,11,Eastern Washington,Big Sky,369
2017,regular,4,FCS Coaches Poll,12,Illinois State,MVFC,334
2017,regular,4,FCS Coaches Poll,13,Central Arkansas,Southland,309
2017,regular,4,FCS Coaches Poll,14,South Dakota,MVFC,288
2017,regular,4,FCS Coaches Poll,15,North Carolina A&T,MEAC,256
2017,regular,4,FCS Coaches Poll,16,New Hampshire,CAA,213
2017,regular,4,FCS Coaches Poll,17,Samford,Southern,211
2017,regular,4,FCS Coaches Poll,18,Weber State,Big Sky,196
2017,regular,4,FCS Coaches Poll,19,North Dakota,Big Sky,168
2017,regular,4,FCS Coaches Poll,20,Tennessee State,OVC,166
2017,regular,4,FCS Coaches Poll,21,Western Illinois,MVFC,162
2017,regular,4,FCS Coaches Poll,22,Grambling,SWAC,104
2017,regular,4,FCS Coaches Poll,23,Nicholls,Southland,76
2017,regular,4,FCS Coaches Poll,24,Northern Iowa,MVFC,56
2017,regular,4,FCS Coaches Poll,25,Holy Cross,Patriot,49
2017,regular,5,AFCA Division II Coaches Poll,1,Northwest Missouri St,Mid America,850
2017,regular,5,AFCA Division II Coaches Poll,2,East Texas A&M,Lone Star,783
2017,regular,5,AFCA Division II Coaches Poll,3,Shepherd,Mountain East,770
2017,regular,5,AFCA Division II Coaches Poll,4,Indiana-Pennsylvania,Pennsylvania State Athletic,740
2017,regular,5,AFCA Division II Coaches Poll,5,Minnesota State Mankato,Northern Sun,711
2017,regular,5,AFCA Division II Coaches Poll,6,Sioux Falls,Northern Sun,679
2017,regular,5,AFCA Division II Coaches Poll,7,Indianapolis,Great Lakes,616
2017,regular,5,AFCA Division II Coaches Poll,8,Grand Valley State University,GLIAC,569
2017,regular,5,AFCA Division II Coaches Poll,9,Delta State,Gulf South,541
2017,regular,5,AFCA Division II Coaches Poll,10,Midwestern State,Lone Star,540
2017,regular,5,AFCA Division II Coaches Poll,11,Fort Hays State,Mid America,487
2017,regular,5,AFCA Division II Coaches Poll,12,Slippery Rock,Pennsylvania State Athletic,421
2017,regular,5,AFCA Division II Coaches Poll,13,Central Washington,Great Northwest,416
2017,regular,5,AFCA Division II Coaches Poll,14,CSU Pueblo,Rocky Mountain,391
2017,regular,5,AFCA Division II Coaches Poll,15,Ferris State,GLIAC,356
2017,regular,5,AFCA Division II Coaches Poll,16,PennWest California,Pennsylvania State Athletic,312
2017,regular,5,AFCA Division II Coaches Poll,17,Humboldt State,Great Northwest,303
2017,regular,5,AFCA Division II Coaches Poll,18,Ashland,GLIAC,257
2017,regular,5,AFCA Division II Coaches Poll,19,Bowie State,CIAA,241
2017,regular,5,AFCA Division II Coaches Poll,20,Assumption,Northeast 10,237
2017,regular,5,AFCA Division II Coaches Poll,21,Colorado Mesa,Rocky Mountain,211
2017,regular,5,AFCA Division II Coaches Poll,22,Winona State,Northern Sun,163
2017,regular,5,AFCA Division II Coaches Poll,23,Southeastern Oklahoma State,Great American,105
2017,regular,5,AFCA Division II Coaches Poll,24,Arkansas Tech,Great American,95
2017,regular,5,AFCA Division II Coaches Poll,25,West Georgia,Gulf South,54
2017,regular,5,AP Top 25,1,Alabama,SEC,1515
2017,regular,5,AP Top 25,2,Clemson,ACC,1458
2017,regular,5,AP Top 25,3,Oklahoma,Big 12,1397
2017,regular,5,AP Top 25,4,Penn State,Big Ten,1304
2017,regular,5,AP Top 25,5,USC,Pac-12,1247
2017,regular,5,AP Top 25,6,Washington,Pac-12,1188
2017,regular,5,AP Top 25,7,Georgia,SEC,1136
2017,regular,5,AP Top 25,8,Michigan,Big Ten,1088
2017,regular,5,AP Top 25,9,TCU,Big 12,1028
2017,regular,5,AP Top 25,10,Wisconsin,Big Ten,1023
2017,regular,5,AP Top 25,11,Ohio State,Big Ten,1016
2017,regular,5,AP Top 25,12,Virginia Tech,ACC,828
2017,regular,5,AP Top 25,13,Auburn,SEC,701
2017,regular,5,AP Top 25,14,Miami,ACC,693
2017,regular,5,AP Top 25,15,Oklahoma State,Big 12,665
2017,regular,5,AP Top 25,16,Washington State,Pac-12,551
2017,regular,5,AP Top 25,17,Louisville,ACC,502
2017,regular,5,AP Top 25,18,South Florida,American Athletic,406
2017,regular,5,AP Top 25,19,San Diego State,Mountain West,365
2017,regular,5,AP Top 25,20,Utah,Pac-12,356
2017,regular,5,AP Top 25,21,Florida,SEC,342
2017,regular,5,AP Top 25,22,Notre Dame,FBS Independents,246
2017,regular,5,AP Top 25,23,West Virginia,Big 12,212
2017,regular,5,AP Top 25,24,Mississippi State,SEC,148
2017,regular,5,AP Top 25,25,LSU,SEC,92
2017,regular,5,Coaches Poll,1,Alabama,SEC,1570
2017,regular,5,Coaches Poll,2,Clemson,ACC,1499
2017,regular,5,Coaches Poll,3,Oklahoma,Big 12,1443
2017,regular,5,Coaches Poll,4,Penn State,Big Ten,1328
2017,regular,5,Coaches Poll,5,USC,Pac-12,1306
2017,regular,5,Coaches Poll,6,Washington,Pac-12,1277
2017,regular,5,Coaches Poll,7,Michigan,Big Ten,1152
2017,regular,5,Coaches Poll,8,Georgia,SEC,1089
2017,regular,5,Coaches Poll,9,Ohio State,Big Ten,1066
2017,regular,5,Coaches Poll,10,Wisconsin,Big Ten,1029
2017,regular,5,Coaches Poll,11,TCU,Big 12,985
2017,regular,5,Coaches Poll,12,Virginia Tech,ACC,877
2017,regular,5,Coaches Poll,13,Miami,ACC,727
2017,regular,5,Coaches Poll,14,Oklahoma State,Big 12,687
2017,regular,5,Coaches Poll,15,Auburn,SEC,664
2017,regular,5,Coaches Poll,16,Washington State,Pac-12,574
2017,regular,5,Coaches Poll,17,South Florida,American Athletic,522
2017,regular,5,Coaches Poll,18,Louisville,ACC,505
2017,regular,5,Coaches Poll,19,Utah,Pac-12,437
2017,regular,5,Coaches Poll,20,Florida,SEC,345
2017,regular,5,Coaches Poll,21,San Diego State,Mountain West,315
2017,regular,5,Coaches Poll,22,LSU,SEC,221
2017,regular,5,Coaches Poll,23,West Virginia,Big 12,184
2017,regular,5,Coaches Poll,24,Mississippi State,SEC,132
2017,regular,5,Coaches Poll,25,Florida State,ACC,104
2017,regular,5,FCS Coaches Poll,1,James Madison,CAA,649
2017,regular,5,FCS Coaches Poll,2,North Dakota State,MVFC,625
2017,regular,5,FCS Coaches Poll,3,Sam Houston,Southland,594
2017,regular,5,FCS Coaches Poll,4,South Dakota State,MVFC,551
2017,regular,5,FCS Coaches Poll,5,Jacksonville State,OVC,530
2017,regular,5,FCS Coaches Poll,5,Youngstown State,MVFC,530
2017,regular,5,FCS Coaches Poll,7,Wofford,Southern,482
2017,regular,5,FCS Coaches Poll,8,Eastern Washington,Big Sky,396
2017,regular,5,FCS Coaches Poll,8,Illinois State,MVFC,396
2017,regular,5,FCS Coaches Poll,10,South Dakota,MVFC,383
2017,regular,5,FCS Coaches Poll,11,The Citadel,Southern,382
2017,regular,5,FCS Coaches Poll,12,Central Arkansas,Southland,340
2017,regular,5,FCS Coaches Poll,13,North Carolina A&T,MEAC,319
2017,regular,5,FCS Coaches Poll,14,New Hampshire,CAA,310
2017,regular,5,FCS Coaches Poll,15,Richmond,CAA,292
2017,regular,5,FCS Coaches Poll,16,Western Illinois,MVFC,276
2017,regular,5,FCS Coaches Poll,17,Villanova,CAA,262
2017,regular,5,FCS Coaches Poll,18,Weber State,Big Sky,261
2017,regular,5,FCS Coaches Poll,19,Grambling,SWAC,174
2017,regular,5,FCS Coaches Poll,20,Northern Iowa,MVFC,103
2017,regular,5,FCS Coaches Poll,21,UT Martin,OVC,95
2017,regular,5,FCS Coaches Poll,22,UAlbany,CAA,84
2017,regular,5,FCS Coaches Poll,23,Samford,Southern,82
2017,regular,5,FCS Coaches Poll,24,Tennessee State,OVC,59
2017,regular,5,FCS Coaches Poll,25,McNeese,Southland,46
2017,regular,6,AFCA Division II Coaches Poll,1,Northwest Missouri St,Mid America,850
2017,regular,6,AFCA Division II Coaches Poll,2,Shepherd,Mountain East,797
2017,regular,6,AFCA Division II Coaches Poll,3,Indiana-Pennsylvania,Pennsylvania State Athletic,780
2017,regular,6,AFCA Division II Coaches Poll,4,Minnesota State Mankato,Northern Sun,750
2017,regular,6,AFCA Division II Coaches Poll,5,Indianapolis,Great Lakes,688
2017,regular,6,AFCA Division II Coaches Poll,6,Midwestern State,Lone Star,682
2017,regular,6,AFCA Division II Coaches Poll,7,Grand Valley State University,GLIAC,615
2017,regular,6,AFCA Division II Coaches Poll,8,Fort Hays State,Mid America,600
2017,regular,6,AFCA Division II Coaches Poll,9,Slippery Rock,Pennsylvania State Athletic,516
2017,regular,6,AFCA Division II Coaches Poll,10,Central Washington,Great Northwest,507
2017,regular,6,AFCA Division II Coaches Poll,11,East Texas A&M,Lone Star,483
2017,regular,6,AFCA Division II Coaches Poll,12,CSU Pueblo,Rocky Mountain,417
2017,regular,6,AFCA Division II Coaches Poll,13,Winona State,Northern Sun,367
2017,regular,6,AFCA Division II Coaches Poll,14,Bowie State,CIAA,358
2017,regular,6,AFCA Division II Coaches Poll,15,Ferris State,GLIAC,356
2017,regular,6,AFCA Division II Coaches Poll,16,Ashland,GLIAC,319
2017,regular,6,AFCA Division II Coaches Poll,17,Assumption,Northeast 10,306
2017,regular,6,AFCA Division II Coaches Poll,18,Sioux Falls,Northern Sun,287
2017,regular,6,AFCA Division II Coaches Poll,19,Southeastern Oklahoma State,Great American,223
2017,regular,6,AFCA Division II Coaches Poll,20,Colorado Mesa,Rocky Mountain,216
2017,regular,6,AFCA Division II Coaches Poll,21,Delta State,Gulf South,206
2017,regular,6,AFCA Division II Coaches Poll,22,West Georgia,Gulf South,175
2017,regular,6,AFCA Division II Coaches Poll,23,West Alabama,Gulf South,172
2017,regular,6,AFCA Division II Coaches Poll,24,Wingate,South Atlantic,88
2017,regular,6,AFCA Division II Coaches Poll,25,Humboldt State,Great Northwest,82
2017,regular,6,AP Top 25,1,Alabama,SEC,1506
2017,regular,6,AP Top 25,2,Clemson,ACC,1475
2017,regular,6,AP Top 25,3,Oklahoma,Big 12,1392
2017,regular,6,AP Top 25,4,Penn State,Big Ten,1325
2017,regular,6,AP Top 25,5,Georgia,SEC,1237
2017,regular,6,AP Top 25,6,Washington,Pac-12,1218
2017,regular,6,AP Top 25,7,Michigan,Big Ten,1115
2017,regular,6,AP Top 25,8,TCU,Big 12,1079
2017,regular,6,AP Top 25,9,Wisconsin,Big Ten,1028
2017,regular,6,AP Top 25,10,Ohio State,Big Ten,1016
2017,regular,6,AP Top 25,11,Washington State,Pac-12,980
2017,regular,6,AP Top 25,12,Auburn,SEC,802
2017,regular,6,AP Top 25,13,Miami,ACC,782
2017,regular,6,AP Top 25,14,USC,Pac-12,713
2017,regular,6,AP Top 25,15,Oklahoma State,Big 12,664
2017,regular,6,AP Top 25,16,Virginia Tech,ACC,549
2017,regular,6,AP Top 25,17,Louisville,ACC,507
2017,regular,6,AP Top 25,18,South Florida,American Athletic,440
2017,regular,6,AP Top 25,19,San Diego State,Mountain West,373
2017,regular,6,AP Top 25,20,Utah,Pac-12,358
2017,regular,6,AP Top 25,21,Florida,SEC,349
2017,regular,6,AP Top 25,21,Notre Dame,FBS Independents,349
2017,regular,6,AP Top 25,23,West Virginia,Big 12,221
2017,regular,6,AP Top 25,24,NC State,ACC,149
2017,regular,6,AP Top 25,25,UCF,American Athletic,120
2017,regular,6,Coaches Poll,1,Alabama,SEC,1593
2017,regular,6,Coaches Poll,2,Clemson,ACC,1537
2017,regular,6,Coaches Poll,3,Oklahoma,Big 12,1460
2017,regular,6,Coaches Poll,4,Penn State,Big Ten,1379
2017,regular,6,Coaches Poll,5,Washington,Pac-12,1330
2017,regular,6,Coaches Poll,6,Georgia,SEC,1244
2017,regular,6,Coaches Poll,7,Michigan,Big Ten,1203
2017,regular,6,Coaches Poll,8,Wisconsin,Big Ten,1099
2017,regular,6,Coaches Poll,9,Ohio State,Big Ten,1091
2017,regular,6,Coaches Poll,10,TCU,Big 12,1057
2017,regular,6,Coaches Poll,11,Washington State,Pac-12,936
2017,regular,6,Coaches Poll,12,Miami,ACC,850
2017,regular,6,Coaches Poll,13,Auburn,SEC,782
2017,regular,6,Coaches Poll,14,Oklahoma State,Big 12,756
2017,regular,6,Coaches Poll,15,USC,Pac-12,745
2017,regular,6,Coaches Poll,16,South Florida,American Athletic,562
2017,regular,6,Coaches Poll,17,Louisville,ACC,550
2017,regular,6,Coaches Poll,18,Utah,Pac-12,503
2017,regular,6,Coaches Poll,19,Virginia Tech,ACC,455
2017,regular,6,Coaches Poll,20,Florida,SEC,382
2017,regular,6,Coaches Poll,21,San Diego State,Mountain West,371
2017,regular,6,Coaches Poll,22,Notre Dame,FBS Independents,241
2017,regular,6,Coaches Poll,23,West Virginia,Big 12,239
2017,regular,6,Coaches Poll,24,NC State,ACC,127
2017,regular,6,Coaches Poll,25,UCF,American Athletic,60
2017,regular,6,FCS Coaches Poll,1,James Madison,CAA,649
2017,regular,6,FCS Coaches Poll,2,North Dakota State,MVFC,625
2017,regular,6,FCS Coaches Poll,3,Youngstown State,MVFC,587
2017,regular,6,FCS Coaches Poll,4,Jacksonville State,OVC,549
2017,regular,6,FCS Coaches Poll,5,Wofford,Southern,526
2017,regular,6,FCS Coaches Poll,6,South Dakota,MVFC,465
2017,regular,6,FCS Coaches Poll,7,Illinois State,MVFC,462
2017,regular,6,FCS Coaches Poll,8,Central Arkansas,Southland,455
2017,regular,6,FCS Coaches Poll,9,South Dakota State,MVFC,438
2017,regular,6,FCS Coaches Poll,10,Eastern Washington,Big Sky,427
2017,regular,6,FCS Coaches Poll,11,Sam Houston,Southland,411
2017,regular,6,FCS Coaches Poll,12,North Carolina A&T,MEAC,353
2017,regular,6,FCS Coaches Poll,13,New Hampshire,CAA,337
2017,regular,6,FCS Coaches Poll,14,Richmond,CAA,273
2017,regular,6,FCS Coaches Poll,15,Villanova,CAA,271
2017,regular,6,FCS Coaches Poll,16,Weber State,Big Sky,265
2017,regular,6,FCS Coaches Poll,17,The Citadel,Southern,196
2017,regular,6,FCS Coaches Poll,18,Western Illinois,MVFC,171
2017,regular,6,FCS Coaches Poll,19,Grambling,SWAC,169
2017,regular,6,FCS Coaches Poll,20,Samford,Southern,165
2017,regular,6,FCS Coaches Poll,21,Northern Iowa,MVFC,153
2017,regular,6,FCS Coaches Poll,22,McNeese,Southland,115
2017,regular,6,FCS Coaches Poll,23,Elon,CAA,97
2017,regular,6,FCS Coaches Poll,24,Stony Brook,CAA,90
2017,regular,6,FCS Coaches Poll,25,Nicholls,Southland,30
2017,regular,7,AFCA Division II Coaches Poll,1,Northwest Missouri St,Mid America,850
2017,regular,7,AFCA Division II Coaches Poll,2,Shepherd,Mountain East,791
2017,regular,7,AFCA Division II Coaches Poll,3,Indiana-Pennsylvania,Pennsylvania State Athletic,782
2017,regular,7,AFCA Division II Coaches Poll,4,Minnesota State Mankato,Northern Sun,754
2017,regular,7,AFCA Division II Coaches Poll,5,Midwestern State,Lone Star,682
2017,regular,7,AFCA Division II Coaches Poll,6,Indianapolis,Great Lakes,678
2017,regular,7,AFCA Division II Coaches Poll,7,Grand Valley State University,GLIAC,635
2017,regular,7,AFCA Division II Coaches Poll,8,Fort Hays State,Mid America,616
2017,regular,7,AFCA Division II Coaches Poll,9,Central Washington,Great Northwest,572
2017,regular,7,AFCA Division II Coaches Poll,10,East Texas A&M,Lone Star,541
2017,regular,7,AFCA Division II Coaches Poll,11,Winona State,Northern Sun,494
2017,regular,7,AFCA Division II Coaches Poll,12,Ferris State,GLIAC,424
2017,regular,7,AFCA Division II Coaches Poll,13,Ashland,GLIAC,423
2017,regular,7,AFCA Division II Coaches Poll,14,Assumption,Northeast 10,406
2017,regular,7,AFCA Division II Coaches Poll,15,Sioux Falls,Northern Sun,352
2017,regular,7,AFCA Division II Coaches Poll,16,Colorado Mesa,Rocky Mountain,307
2017,regular,7,AFCA Division II Coaches Poll,17,Slippery Rock,Pennsylvania State Athletic,288
2017,regular,7,AFCA Division II Coaches Poll,18,West Alabama,Gulf South,271
2017,regular,7,AFCA Division II Coaches Poll,19,Delta State,Gulf South,263
2017,regular,7,AFCA Division II Coaches Poll,20,Wingate,South Atlantic,243
2017,regular,7,AFCA Division II Coaches Poll,21,Virginia St,CIAA,165
2017,regular,7,AFCA Division II Coaches Poll,22,Humboldt State,Great Northwest,154
2017,regular,7,AFCA Division II Coaches Poll,23,Bowie State,CIAA,95
2017,regular,7,AFCA Division II Coaches Poll,24,Eastern New Mexico,Lone Star,66
2017,regular,7,AFCA Division II Coaches Poll,25,Southeastern Oklahoma State,Great American,64
2017,regular,7,AP Top 25,1,Alabama,SEC,1507
2017,regular,7,AP Top 25,2,Clemson,ACC,1481
2017,regular,7,AP Top 25,3,Penn State,Big Ten,1370
2017,regular,7,AP Top 25,4,Georgia,SEC,1327
2017,regular,7,AP Top 25,5,Washington,Pac-12,1284
2017,regular,7,AP Top 25,6,TCU,Big 12,1192
2017,regular,7,AP Top 25,7,Wisconsin,Big Ten,1127
2017,regular,7,AP Top 25,8,Washington State,Pac-12,1094
2017,regular,7,AP Top 25,9,Ohio State,Big Ten,1051
2017,regular,7,AP Top 25,10,Auburn,SEC,914
2017,regular,7,AP Top 25,11,Miami,ACC,908
2017,regular,7,AP Top 25,12,Oklahoma,Big 12,851
2017,regular,7,AP Top 25,13,USC,Pac-12,795
2017,regular,7,AP Top 25,14,Oklahoma State,Big 12,712
2017,regular,7,AP Top 25,15,Virginia Tech,ACC,617
2017,regular,7,AP Top 25,16,Notre Dame,FBS Independents,583
2017,regular,7,AP Top 25,17,Michigan,Big Ten,524
2017,regular,7,AP Top 25,18,South Florida,American Athletic,482
2017,regular,7,AP Top 25,19,San Diego State,Mountain West,465
2017,regular,7,AP Top 25,20,NC State,ACC,421
2017,regular,7,AP Top 25,21,Michigan State,Big Ten,416
2017,regular,7,AP Top 25,22,UCF,American Athletic,274
2017,regular,7,AP Top 25,23,Stanford,Pac-12,109
2017,regular,7,AP Top 25,24,Texas Tech,Big 12,105
2017,regular,7,AP Top 25,25,Navy,American Athletic,74
2017,regular,7,Coaches Poll,1,Alabama,SEC,1617
2017,regular,7,Coaches Poll,2,Clemson,ACC,1568
2017,regular,7,Coaches Poll,3,Penn State,Big Ten,1454
2017,regular,7,Coaches Poll,4,Washington,Pac-12,1404
2017,regular,7,Coaches Poll,5,Georgia,SEC,1380
2017,regular,7,Coaches Poll,6,Wisconsin,Big Ten,1243
2017,regular,7,Coaches Poll,7,TCU,Big 12,1229
2017,regular,7,Coaches Poll,8,Ohio State,Big Ten,1146
2017,regular,7,Coaches Poll,9,Washington State,Pac-12,1117
2017,regular,7,Coaches Poll,10,Miami,ACC,1003
2017,regular,7,Coaches Poll,11,Auburn,SEC,941
2017,regular,7,Coaches Poll,12,Oklahoma,Big 12,919
2017,regular,7,Coaches Poll,13,USC,Pac-12,818
2017,regular,7,Coaches Poll,14,Oklahoma State,Big 12,788
2017,regular,7,Coaches Poll,15,South Florida,American Athletic,622
2017,regular,7,Coaches Poll,16,Michigan,Big Ten,612
2017,regular,7,Coaches Poll,17,Virginia Tech,ACC,599
2017,regular,7,Coaches Poll,18,San Diego State,Mountain West,516
2017,regular,7,Coaches Poll,19,Notre Dame,FBS Independents,498
2017,regular,7,Coaches Poll,20,NC State,ACC,455
2017,regular,7,Coaches Poll,21,UCF,American Athletic,273
2017,regular,7,Coaches Poll,22,Michigan State,Big Ten,261
2017,regular,7,Coaches Poll,23,Utah,Pac-12,122
2017,regular,7,Coaches Poll,24,Navy,American Athletic,110
2017,regular,7,Coaches Poll,25,Stanford,Pac-12,107
2017,regular,7,FCS Coaches Poll,1,James Madison,CAA,649
2017,regular,7,FCS Coaches Poll,2,North Dakota State,MVFC,625
2017,regular,7,FCS Coaches Poll,3,Jacksonville State,OVC,585
2017,regular,7,FCS Coaches Poll,4,South Dakota,MVFC,561
2017,regular,7,FCS Coaches Poll,5,Wofford,Southern,548
2017,regular,7,FCS Coaches Poll,6,Central Arkansas,Southland,508
2017,regular,7,FCS Coaches Poll,7,South Dakota State,MVFC,463
2017,regular,7,FCS Coaches Poll,8,Youngstown State,MVFC,457
2017,regular,7,FCS Coaches Poll,9,Sam Houston,Southland,422
2017,regular,7,FCS Coaches Poll,9,Eastern Washington,Big Sky,422
2017,regular,7,FCS Coaches Poll,11,North Carolina A&T,MEAC,388
2017,regular,7,FCS Coaches Poll,12,New Hampshire,CAA,347
2017,regular,7,FCS Coaches Poll,13,Richmond,CAA,306
2017,regular,7,FCS Coaches Poll,14,Villanova,CAA,302
2017,regular,7,FCS Coaches Poll,15,Illinois State,MVFC,301
2017,regular,7,FCS Coaches Poll,16,Weber State,Big Sky,284
2017,regular,7,FCS Coaches Poll,17,Western Illinois,MVFC,256
2017,regular,7,FCS Coaches Poll,18,Samford,Southern,184
2017,regular,7,FCS Coaches Poll,19,Grambling,SWAC,167
2017,regular,7,FCS Coaches Poll,20,Elon,CAA,157
2017,regular,7,FCS Coaches Poll,21,McNeese,Southland,144
2017,regular,7,FCS Coaches Poll,22,The Citadel,Southern,88
2017,regular,7,FCS Coaches Poll,23,Nicholls,Southland,68
2017,regular,7,FCS Coaches Poll,24,Northern Arizona,Big Sky,40
2017,regular,7,FCS Coaches Poll,25,Western Carolina,Southern,36
2017,regular,8,AFCA Division II Coaches Poll,1,Northwest Missouri St,Mid America,850
2017,regular,8,AFCA Division II Coaches Poll,2,Shepherd,Mountain East,794
2017,regular,8,AFCA Division II Coaches Poll,3,Minnesota State Mankato,Northern Sun,753
2017,regular,8,AFCA Division II Coaches Poll,4,Indiana-Pennsylvania,Pennsylvania State Athletic,749
2017,regular,8,AFCA Division II Coaches Poll,5,Midwestern State,Lone Star,697
2017,regular,8,AFCA Division II Coaches Poll,6,Indianapolis,Great Lakes,687
2017,regular,8,AFCA Division II Coaches Poll,7,Fort Hays State,Mid America,646
2017,regular,8,AFCA Division II Coaches Poll,8,Central Washington,Great Northwest,571
2017,regular,8,AFCA Division II Coaches Poll,9,East Texas A&M,Lone Star,539
2017,regular,8,AFCA Division II Coaches Poll,10,Winona State,Northern Sun,537
2017,regular,8,AFCA Division II Coaches Poll,11,Ferris State,GLIAC,503
2017,regular,8,AFCA Division II Coaches Poll,12,Assumption,Northeast 10,475
2017,regular,8,AFCA Division II Coaches Poll,12,Ashland,GLIAC,475
2017,regular,8,AFCA Division II Coaches Poll,14,Sioux Falls,Northern Sun,397
2017,regular,8,AFCA Division II Coaches Poll,15,Colorado Mesa,Rocky Mountain,382
2017,regular,8,AFCA Division II Coaches Poll,16,Wingate,South Atlantic,349
2017,regular,8,AFCA Division II Coaches Poll,17,Virginia St,CIAA,303
2017,regular,8,AFCA Division II Coaches Poll,18,Humboldt State,Great Northwest,250
2017,regular,8,AFCA Division II Coaches Poll,19,Grand Valley State University,GLIAC,216
2017,regular,8,AFCA Division II Coaches Poll,20,Bowie State,CIAA,206
2017,regular,8,AFCA Division II Coaches Poll,21,Eastern New Mexico,Lone Star,168
2017,regular,8,AFCA Division II Coaches Poll,22,Findlay,Great Midwest Athletic,115
2017,regular,8,AFCA Division II Coaches Poll,23,Central Missouri,Mid America,83
2017,regular,8,AFCA Division II Coaches Poll,24,CSU Pueblo,Rocky Mountain,82
2017,regular,8,AFCA Division II Coaches Poll,25,West Alabama,Gulf South,70
2017,regular,8,AP Top 25,1,Alabama,SEC,1525
2017,regular,8,AP Top 25,2,Penn State,Big Ten,1432
2017,regular,8,AP Top 25,3,Georgia,SEC,1417
2017,regular,8,AP Top 25,4,TCU,Big 12,1322
2017,regular,8,AP Top 25,5,Wisconsin,Big Ten,1241
2017,regular,8,AP Top 25,6,Ohio State,Big Ten,1184
2017,regular,8,AP Top 25,7,Clemson,ACC,1117
2017,regular,8,AP Top 25,8,Miami,ACC,1109
2017,regular,8,AP Top 25,9,Oklahoma,Big 12,1066
2017,regular,8,AP Top 25,10,Oklahoma State,Big 12,900
2017,regular,8,AP Top 25,11,USC,Pac-12,886
2017,regular,8,AP Top 25,12,Washington,Pac-12,811
2017,regular,8,AP Top 25,13,Notre Dame,FBS Independents,798
2017,regular,8,AP Top 25,14,Virginia Tech,ACC,727
2017,regular,8,AP Top 25,15,Washington State,Pac-12,578
2017,regular,8,AP Top 25,16,NC State,ACC,573
2017,regular,8,AP Top 25,16,South Florida,American Athletic,573
2017,regular,8,AP Top 25,18,Michigan State,Big Ten,563
2017,regular,8,AP Top 25,19,Michigan,Big Ten,558
2017,regular,8,AP Top 25,20,UCF,American Athletic,387
2017,regular,8,AP Top 25,21,Auburn,SEC,303
2017,regular,8,AP Top 25,22,Stanford,Pac-12,274
2017,regular,8,AP Top 25,23,West Virginia,Big 12,157
2017,regular,8,AP Top 25,24,LSU,SEC,108
2017,regular,8,AP Top 25,25,Memphis,American Athletic,62
2017,regular,8,Coaches Poll,1,Alabama,SEC,1575
2017,regular,8,Coaches Poll,2,Penn State,Big Ten,1483
2017,regular,8,Coaches Poll,3,Georgia,SEC,1450
2017,regular,8,Coaches Poll,4,TCU,Big 12,1345
2017,regular,8,Coaches Poll,5,Wisconsin,Big Ten,1338
2017,regular,8,Coaches Poll,6,Ohio State,Big Ten,1243
2017,regular,8,Coaches Poll,7,Miami,ACC,1144
2017,regular,8,Coaches Poll,8,Clemson,ACC,1106
2017,regular,8,Coaches Poll,9,Oklahoma,Big 12,1079
2017,regular,8,Coaches Poll,10,USC,Pac-12,930
2017,regular,8,Coaches Poll,11,Oklahoma State,Big 12,917
2017,regular,8,Coaches Poll,12,Washington,Pac-12,914
2017,regular,8,Coaches Poll,13,South Florida,American Athletic,716
2017,regular,8,Coaches Poll,14,Virginia Tech,ACC,701
2017,regular,8,Coaches Poll,15,Michigan,Big Ten,657
2017,regular,8,Coaches Poll,16,Notre Dame,FBS Independents,614
2017,regular,8,Coaches Poll,17,NC State,ACC,573
2017,regular,8,Coaches Poll,18,Washington State,Pac-12,564
2017,regular,8,Coaches Poll,19,Michigan State,Big Ten,469
2017,regular,8,Coaches Poll,20,UCF,American Athletic,439
2017,regular,8,Coaches Poll,21,Auburn,SEC,354
2017,regular,8,Coaches Poll,22,Stanford,Pac-12,286
2017,regular,8,Coaches Poll,23,West Virginia,Big 12,144
2017,regular,8,Coaches Poll,24,Texas A&M,SEC,94
2017,regular,8,Coaches Poll,25,LSU,SEC,80
2017,regular,8,FCS Coaches Poll,1,James Madison,CAA,650
2017,regular,8,FCS Coaches Poll,2,North Dakota State,MVFC,624
2017,regular,8,FCS Coaches Poll,3,Jacksonville State,OVC,589
2017,regular,8,FCS Coaches Poll,4,South Dakota,MVFC,575
2017,regular,8,FCS Coaches Poll,5,Wofford,Southern,539
2017,regular,8,FCS Coaches Poll,6,Central Arkansas,Southland,516
2017,regular,8,FCS Coaches Poll,7,Sam Houston,Southland,470
2017,regular,8,FCS Coaches Poll,8,Eastern Washington,Big Sky,467
2017,regular,8,FCS Coaches Poll,9,Youngstown State,MVFC,389
2017,regular,8,FCS Coaches Poll,10,Richmond,CAA,388
2017,regular,8,FCS Coaches Poll,11,North Carolina A&T,MEAC,382
2017,regular,8,FCS Coaches Poll,12,Western Illinois,MVFC,366
2017,regular,8,FCS Coaches Poll,13,South Dakota State,MVFC,315
2017,regular,8,FCS Coaches Poll,14,Samford,Southern,259
2017,regular,8,FCS Coaches Poll,15,Elon,CAA,243
2017,regular,8,FCS Coaches Poll,16,Villanova,CAA,223
2017,regular,8,FCS Coaches Poll,17,Grambling,SWAC,217
2017,regular,8,FCS Coaches Poll,18,New Hampshire,CAA,191
2017,regular,8,FCS Coaches Poll,19,McNeese,Southland,189
2017,regular,8,FCS Coaches Poll,20,Nicholls,Southland,127
2017,regular,8,FCS Coaches Poll,21,Western Carolina,Southern,125
2017,regular,8,FCS Coaches Poll,22,Northern Arizona,Big Sky,102
2017,regular,8,FCS Coaches Poll,23,Weber State,Big Sky,90
2017,regular,8,FCS Coaches Poll,24,Illinois State,MVFC,79
2017,regular,8,FCS Coaches Poll,25,Montana,Big Sky,58
2017,regular,9,AFCA Division II Coaches Poll,1,Minnesota State Mankato,Northern Sun,822
2017,regular,9,AFCA Division II Coaches Poll,2,Shepherd,Mountain East,820
2017,regular,9,AFCA Division II Coaches Poll,3,Indiana-Pennsylvania,Pennsylvania State Athletic,777
2017,regular,9,AFCA Division II Coaches Poll,4,Midwestern State,Lone Star,717
2017,regular,9,AFCA Division II Coaches Poll,5,Indianapolis,Great Lakes,710
2017,regular,9,AFCA Division II Coaches Poll,6,Fort Hays State,Mid America,683
2017,regular,9,AFCA Division II Coaches Poll,7,Central Washington,Great Northwest,625
2017,regular,9,AFCA Division II Coaches Poll,8,Northwest Missouri St,Mid America,577
2017,regular,9,AFCA Division II Coaches Poll,9,East Texas A&M,Lone Star,558
2017,regular,9,AFCA Division II Coaches Poll,10,Assumption,Northeast 10,516
2017,regular,9,AFCA Division II Coaches Poll,11,Ashland,GLIAC,510
2017,regular,9,AFCA Division II Coaches Poll,12,Ferris State,GLIAC,483
2017,regular,9,AFCA Division II Coaches Poll,13,Sioux Falls,Northern Sun,405
2017,regular,9,AFCA Division II Coaches Poll,14,Wingate,South Atlantic,402
2017,regular,9,AFCA Division II Coaches Poll,15,Colorado Mesa,Rocky Mountain,399
2017,regular,9,AFCA Division II Coaches Poll,16,Virginia St,CIAA,347
2017,regular,9,AFCA Division II Coaches Poll,17,Humboldt State,Great Northwest,295
2017,regular,9,AFCA Division II Coaches Poll,18,Winona State,Northern Sun,289
2017,regular,9,AFCA Division II Coaches Poll,19,Grand Valley State University,GLIAC,215
2017,regular,9,AFCA Division II Coaches Poll,20,Bowie State,CIAA,214
2017,regular,9,AFCA Division II Coaches Poll,21,Eastern New Mexico,Lone Star,190
2017,regular,9,AFCA Division II Coaches Poll,22,Findlay,Great Midwest Athletic,159
2017,regular,9,AFCA Division II Coaches Poll,23,West Alabama,Gulf South,100
2017,regular,9,AFCA Division II Coaches Poll,24,CSU Pueblo,Rocky Mountain,88
2017,regular,9,AFCA Division II Coaches Poll,25,West Georgia,Gulf South,48
2017,regular,9,AP Top 25,1,Alabama,SEC,1525
2017,regular,9,AP Top 25,2,Penn State,Big Ten,1444
2017,regular,9,AP Top 25,3,Georgia,SEC,1409
2017,regular,9,AP Top 25,4,TCU,Big 12,1327
2017,regular,9,AP Top 25,5,Wisconsin,Big Ten,1241
2017,regular,9,AP Top 25,6,Ohio State,Big Ten,1165
2017,regular,9,AP Top 25,7,Clemson,ACC,1113
2017,regular,9,AP Top 25,8,Miami,ACC,1101
2017,regular,9,AP Top 25,9,Notre Dame,FBS Independents,1066
2017,regular,9,AP Top 25,10,Oklahoma,Big 12,1040
2017,regular,9,AP Top 25,11,Oklahoma State,Big 12,894
2017,regular,9,AP Top 25,12,Washington,Pac-12,836
2017,regular,9,AP Top 25,13,Virginia Tech,ACC,791
2017,regular,9,AP Top 25,14,NC State,ACC,666
2017,regular,9,AP Top 25,15,Washington State,Pac-12,648
2017,regular,9,AP Top 25,16,Michigan State,Big Ten,615
2017,regular,9,AP Top 25,17,South Florida,American Athletic,604
2017,regular,9,AP Top 25,18,UCF,American Athletic,500
2017,regular,9,AP Top 25,19,Auburn,SEC,397
2017,regular,9,AP Top 25,20,Stanford,Pac-12,344
2017,regular,9,AP Top 25,21,USC,Pac-12,319
2017,regular,9,AP Top 25,22,West Virginia,Big 12,196
2017,regular,9,AP Top 25,23,LSU,SEC,182
2017,regular,9,AP Top 25,24,Memphis,American Athletic,111
2017,regular,9,AP Top 25,25,Iowa State,Big 12,98
2017,regular,9,Coaches Poll,1,Alabama,SEC,1600
2017,regular,9,Coaches Poll,2,Penn State,Big Ten,1520
2017,regular,9,Coaches Poll,3,Georgia,SEC,1463
2017,regular,9,Coaches Poll,4,TCU,Big 12,1385
2017,regular,9,Coaches Poll,5,Wisconsin,Big Ten,1343
2017,regular,9,Coaches Poll,6,Ohio State,Big Ten,1244
2017,regular,9,Coaches Poll,7,Clemson,ACC,1173
2017,regular,9,Coaches Poll,8,Miami,ACC,1172
2017,regular,9,Coaches Poll,9,Oklahoma,Big 12,1084
2017,regular,9,Coaches Poll,10,Notre Dame,FBS Independents,951
2017,regular,9,Coaches Poll,11,Washington,Pac-12,931
2017,regular,9,Coaches Poll,12,Oklahoma State,Big 12,926
2017,regular,9,Coaches Poll,13,Virginia Tech,ACC,818
2017,regular,9,Coaches Poll,14,South Florida,American Athletic,730
2017,regular,9,Coaches Poll,15,NC State,ACC,683
2017,regular,9,Coaches Poll,16,Washington State,Pac-12,636
2017,regular,9,Coaches Poll,17,UCF,American Athletic,561
2017,regular,9,Coaches Poll,18,Michigan State,Big Ten,560
2017,regular,9,Coaches Poll,19,Auburn,SEC,455
2017,regular,9,Coaches Poll,20,Stanford,Pac-12,367
2017,regular,9,Coaches Poll,21,USC,Pac-12,321
2017,regular,9,Coaches Poll,22,West Virginia,Big 12,211
2017,regular,9,Coaches Poll,23,LSU,SEC,178
2017,regular,9,Coaches Poll,24,Texas A&M,SEC,151
2017,regular,9,Coaches Poll,25,Michigan,Big Ten,121
2017,regular,9,FCS Coaches Poll,1,James Madison,CAA,650
2017,regular,9,FCS Coaches Poll,2,North Dakota State,MVFC,624
2017,regular,9,FCS Coaches Poll,3,Jacksonville State,OVC,597
2017,regular,9,FCS Coaches Poll,4,Central Arkansas,Southland,548
2017,regular,9,FCS Coaches Poll,5,Sam Houston,Southland,541
2017,regular,9,FCS Coaches Poll,6,North Carolina A&T,MEAC,463
2017,regular,9,FCS Coaches Poll,7,South Dakota,MVFC,444
2017,regular,9,FCS Coaches Poll,8,Samford,Southern,435
2017,regular,9,FCS Coaches Poll,8,South Dakota State,MVFC,435
2017,regular,9,FCS Coaches Poll,10,Wofford,Southern,421
2017,regular,9,FCS Coaches Poll,11,Elon,CAA,362
2017,regular,9,FCS Coaches Poll,12,Eastern Washington,Big Sky,278
2017,regular,9,FCS Coaches Poll,13,Grambling,SWAC,269
2017,regular,9,FCS Coaches Poll,14,Western Illinois,MVFC,266
2017,regular,9,FCS Coaches Poll,15,Villanova,CAA,257
2017,regular,9,FCS Coaches Poll,16,New Hampshire,CAA,240
2017,regular,9,FCS Coaches Poll,17,Richmond,CAA,226
2017,regular,9,FCS Coaches Poll,18,McNeese,Southland,219
2017,regular,9,FCS Coaches Poll,19,Youngstown State,MVFC,167
2017,regular,9,FCS Coaches Poll,20,Western Carolina,Southern,165
2017,regular,9,FCS Coaches Poll,21,Illinois State,MVFC,158
2017,regular,9,FCS Coaches Poll,22,Weber State,Big Sky,121
2017,regular,9,FCS Coaches Poll,23,Nicholls,Southland,118
2017,regular,9,FCS Coaches Poll,24,Northern Arizona,Big Sky,112
2017,regular,9,FCS Coaches Poll,25,Northern Iowa,MVFC,64
2017,regular,10,AFCA Division II Coaches Poll,1,Minnesota State Mankato,Northern Sun,829
2017,regular,10,AFCA Division II Coaches Poll,2,Shepherd,Mountain East,799
2017,regular,10,AFCA Division II Coaches Poll,3,Indiana-Pennsylvania,Pennsylvania State Athletic,761
2017,regular,10,AFCA Division II Coaches Poll,4,Midwestern State,Lone Star,702
2017,regular,10,AFCA Division II Coaches Poll,5,Fort Hays State,Mid America,695
2017,regular,10,AFCA Division II Coaches Poll,6,Indianapolis,Great Lakes,688
2017,regular,10,AFCA Division II Coaches Poll,7,Central Washington,Great Northwest,664
2017,regular,10,AFCA Division II Coaches Poll,8,Assumption,Northeast 10,573
2017,regular,10,AFCA Division II Coaches Poll,8,East Texas A&M,Lone Star,573
2017,regular,10,AFCA Division II Coaches Poll,10,Ashland,GLIAC,555
2017,regular,10,AFCA Division II Coaches Poll,11,Ferris State,GLIAC,487
2017,regular,10,AFCA Division II Coaches Poll,12,Wingate,South Atlantic,453
2017,regular,10,AFCA Division II Coaches Poll,13,Sioux Falls,Northern Sun,452
2017,regular,10,AFCA Division II Coaches Poll,14,Colorado Mesa,Rocky Mountain,416
2017,regular,10,AFCA Division II Coaches Poll,15,Virginia St,CIAA,369
2017,regular,10,AFCA Division II Coaches Poll,16,Humboldt State,Great Northwest,312
2017,regular,10,AFCA Division II Coaches Poll,17,Winona State,Northern Sun,298
2017,regular,10,AFCA Division II Coaches Poll,18,Northwest Missouri St,Mid America,256
2017,regular,10,AFCA Division II Coaches Poll,19,Bowie State,CIAA,251
2017,regular,10,AFCA Division II Coaches Poll,20,Eastern New Mexico,Lone Star,219
2017,regular,10,AFCA Division II Coaches Poll,21,Findlay,Great Midwest Athletic,190
2017,regular,10,AFCA Division II Coaches Poll,22,West Alabama,Gulf South,155
2017,regular,10,AFCA Division II Coaches Poll,23,CSU Pueblo,Rocky Mountain,107
2017,regular,10,AFCA Division II Coaches Poll,24,West Georgia,Gulf South,91
2017,regular,10,AFCA Division II Coaches Poll,25,Shippensburg,Pennsylvania State Athletic,83
2017,regular,10,AP Top 25,1,Alabama,SEC,1523
2017,regular,10,AP Top 25,2,Georgia,SEC,1465
2017,regular,10,AP Top 25,3,Ohio State,Big Ten,1332
2017,regular,10,AP Top 25,4,Wisconsin,Big Ten,1256
2017,regular,10,AP Top 25,5,Notre Dame,FBS Independents,1254
2017,regular,10,AP Top 25,6,Clemson,ACC,1196
2017,regular,10,AP Top 25,7,Penn State,Big Ten,1189
2017,regular,10,AP Top 25,8,Oklahoma,Big 12,1147
2017,regular,10,AP Top 25,9,Miami,ACC,1075
2017,regular,10,AP Top 25,10,TCU,Big 12,942
2017,regular,10,AP Top 25,11,Oklahoma State,Big 12,936
2017,regular,10,AP Top 25,12,Washington,Pac-12,874
2017,regular,10,AP Top 25,13,Virginia Tech,ACC,837
2017,regular,10,AP Top 25,14,Iowa State,Big 12,670
2017,regular,10,AP Top 25,15,UCF,American Athletic,654
2017,regular,10,AP Top 25,16,Auburn,SEC,576
2017,regular,10,AP Top 25,17,USC,Pac-12,562
2017,regular,10,AP Top 25,18,Stanford,Pac-12,434
2017,regular,10,AP Top 25,19,LSU,SEC,338
2017,regular,10,AP Top 25,20,NC State,ACC,333
2017,regular,10,AP Top 25,21,Mississippi State,SEC,279
2017,regular,10,AP Top 25,22,Memphis,American Athletic,270
2017,regular,10,AP Top 25,23,Arizona,Pac-12,204
2017,regular,10,AP Top 25,24,Michigan State,Big Ten,136
2017,regular,10,AP Top 25,25,Washington State,Pac-12,122
2017,regular,10,Coaches Poll,1,Alabama,SEC,1625
2017,regular,10,Coaches Poll,2,Georgia,SEC,1549
2017,regular,10,Coaches Poll,3,Ohio State,Big Ten,1426
2017,regular,10,Coaches Poll,4,Wisconsin,Big Ten,1418
2017,regular,10,Coaches Poll,5,Clemson,ACC,1295
2017,regular,10,Coaches Poll,6,Miami,ACC,1238
2017,regular,10,Coaches Poll,7,Penn State,Big Ten,1221
2017,regular,10,Coaches Poll,8,Notre Dame,FBS Independents,1212
2017,regular,10,Coaches Poll,9,Oklahoma,Big 12,1192
2017,regular,10,Coaches Poll,10,Oklahoma State,Big 12,1000
2017,regular,10,Coaches Poll,11,Washington,Pac-12,977
2017,regular,10,Coaches Poll,12,TCU,Big 12,944
2017,regular,10,Coaches Poll,13,Virginia Tech,ACC,878
2017,regular,10,Coaches Poll,14,UCF,American Athletic,727
2017,regular,10,Coaches Poll,15,Auburn,SEC,622
2017,regular,10,Coaches Poll,16,Iowa State,Big 12,571
2017,regular,10,Coaches Poll,17,USC,Pac-12,560
2017,regular,10,Coaches Poll,18,Stanford,Pac-12,494
2017,regular,10,Coaches Poll,19,NC State,ACC,382
2017,regular,10,Coaches Poll,20,LSU,SEC,372
2017,regular,10,Coaches Poll,21,Memphis,American Athletic,288
2017,regular,10,Coaches Poll,22,Mississippi State,SEC,210
2017,regular,10,Coaches Poll,23,South Florida,American Athletic,193
2017,regular,10,Coaches Poll,24,Michigan,Big Ten,176
2017,regular,10,Coaches Poll,25,Arizona,Pac-12,153
2017,regular,10,FCS Coaches Poll,1,James Madison,CAA,650
2017,regular,10,FCS Coaches Poll,2,North Dakota State,MVFC,624
2017,regular,10,FCS Coaches Poll,3,Jacksonville State,OVC,595
2017,regular,10,FCS Coaches Poll,4,Central Arkansas,Southland,548
2017,regular,10,FCS Coaches Poll,5,Sam Houston,Southland,540
2017,regular,10,FCS Coaches Poll,6,South Dakota,MVFC,488
2017,regular,10,FCS Coaches Poll,7,North Carolina A&T,MEAC,485
2017,regular,10,FCS Coaches Poll,8,South Dakota State,MVFC,462
2017,regular,10,FCS Coaches Poll,9,Wofford,Southern,453
2017,regular,10,FCS Coaches Poll,10,Elon,CAA,413
2017,regular,10,FCS Coaches Poll,11,Eastern Washington,Big Sky,346
2017,regular,10,FCS Coaches Poll,12,Grambling,SWAC,344
2017,regular,10,FCS Coaches Poll,13,Illinois State,MVFC,319
2017,regular,10,FCS Coaches Poll,14,Weber State,Big Sky,261
2017,regular,10,FCS Coaches Poll,15,Samford,Southern,258
2017,regular,10,FCS Coaches Poll,16,Northern Arizona,Big Sky,201
2017,regular,10,FCS Coaches Poll,17,Nicholls,Southland,183
2017,regular,10,FCS Coaches Poll,18,Western Illinois,MVFC,177
2017,regular,10,FCS Coaches Poll,19,New Hampshire,CAA,172
2017,regular,10,FCS Coaches Poll,20,Villanova,CAA,160
2017,regular,10,FCS Coaches Poll,21,Stony Brook,CAA,148
2017,regular,10,FCS Coaches Poll,22,McNeese,Southland,125
2017,regular,10,FCS Coaches Poll,23,Southern Utah,Big Sky,89
2017,regular,10,FCS Coaches Poll,24,Monmouth,Big South,88
2017,regular,10,FCS Coaches Poll,25,Kennesaw State,Big South,79
2017,regular,10,Playoff Committee Rankings,1,Georgia,SEC,0
2017,regular,10,Playoff Committee Rankings,2,Alabama,SEC,0
2017,regular,10,Playoff Committee Rankings,3,Notre Dame,FBS Independents,0
2017,regular,10,Playoff Committee Rankings,4,Clemson,ACC,0
2017,regular,10,Playoff Committee Rankings,5,Oklahoma,Big 12,0
2017,regular,10,Playoff Committee Rankings,6,Ohio State,Big Ten,0
2017,regular,10,Playoff Committee Rankings,7,Penn State,Big Ten,0
2017,regular,10,Playoff Committee Rankings,8,TCU,Big 12,0
2017,regular,10,Playoff Committee Rankings,9,Wisconsin,Big Ten,0
2017,regular,10,Playoff Committee Rankings,10,Miami,ACC,0
2017,regular,10,Playoff Committee Rankings,11,Oklahoma State,Big 12,0
2017,regular,10,Playoff Committee Rankings,12,Washington,Pac-12,0
2017,regular,10,Playoff Committee Rankings,13,Virginia Tech,ACC,0
2017,regular,10,Playoff Committee Rankings,14,Auburn,SEC,0
2017,regular,10,Playoff Committee Rankings,15,Iowa State,Big 12,0
2017,regular,10,Playoff Committee Rankings,16,Mississippi State,SEC,0
2017,regular,10,Playoff Committee Rankings,17,USC,Pac-12,0
2017,regular,10,Playoff Committee Rankings,18,UCF,American Athletic,0
2017,regular,10,Playoff Committee Rankings,19,LSU,SEC,0
2017,regular,10,Playoff Committee Rankings,20,NC State,ACC,0
2017,regular,10,Playoff Committee Rankings,21,Stanford,Pac-12,0
2017,regular,10,Playoff Committee Rankings,22,Arizona,Pac-12,0
2017,regular,10,Playoff Committee Rankings,23,Memphis,American Athletic,0
2017,regular,10,Playoff Committee Rankings,24,Michigan State,Big Ten,0
2017,regular,10,Playoff Committee Rankings,25,Washington State,Pac-12,0
2017,regular,11,AFCA Division II Coaches Poll,1,Minnesota State Mankato,Northern Sun,834
2017,regular,11,AFCA Division II Coaches Poll,2,Shepherd,Mountain East,800
2017,regular,11,AFCA Division II Coaches Poll,3,Indiana-Pennsylvania,Pennsylvania State Athletic,778
2017,regular,11,AFCA Division II Coaches Poll,4,Fort Hays State,Mid America,730
2017,regular,11,AFCA Division II Coaches Poll,5,Midwestern State,Lone Star,720
2017,regular,11,AFCA Division II Coaches Poll,6,Indianapolis,Great Lakes,672
2017,regular,11,AFCA Division II Coaches Poll,7,Central Washington,Great Northwest,661
2017,regular,11,AFCA Division II Coaches Poll,8,East Texas A&M,Lone Star,602
2017,regular,11,AFCA Division II Coaches Poll,9,Ashland,GLIAC,584
2017,regular,11,AFCA Division II Coaches Poll,10,Ferris State,GLIAC,542
2017,regular,11,AFCA Division II Coaches Poll,11,Virginia St,CIAA,514
2017,regular,11,AFCA Division II Coaches Poll,12,Winona State,Northern Sun,471
2017,regular,11,AFCA Division II Coaches Poll,13,Northwest Missouri St,Mid America,359
2017,regular,11,AFCA Division II Coaches Poll,14,Bowie State,CIAA,353
2017,regular,11,AFCA Division II Coaches Poll,15,Assumption,Northeast 10,333
2017,regular,11,AFCA Division II Coaches Poll,16,Wingate,South Atlantic,285
2017,regular,11,AFCA Division II Coaches Poll,17,West Alabama,Gulf South,272
2017,regular,11,AFCA Division II Coaches Poll,18,Sioux Falls,Northern Sun,268
2017,regular,11,AFCA Division II Coaches Poll,19,Shippensburg,Pennsylvania State Athletic,261
2017,regular,11,AFCA Division II Coaches Poll,20,CSU Pueblo,Rocky Mountain,223
2017,regular,11,AFCA Division II Coaches Poll,21,Humboldt State,Great Northwest,174
2017,regular,11,AFCA Division II Coaches Poll,22,Colorado Mesa,Rocky Mountain,147
2017,regular,11,AFCA Division II Coaches Poll,23,Minnesota Duluth,Northern Sun,108
2017,regular,11,AFCA Division II Coaches Poll,24,Eastern New Mexico,Lone Star,90
2017,regular,11,AFCA Division II Coaches Poll,25,Ouachita Baptist,Great American,72
2017,regular,11,AP Top 25,1,Alabama,SEC,1520
2017,regular,11,AP Top 25,2,Georgia,SEC,1468
2017,regular,11,AP Top 25,3,Notre Dame,FBS Independents,1357
2017,regular,11,AP Top 25,4,Clemson,ACC,1289
2017,regular,11,AP Top 25,5,Oklahoma,Big 12,1258
2017,regular,11,AP Top 25,6,Wisconsin,Big Ten,1256
2017,regular,11,AP Top 25,7,Miami,ACC,1220
2017,regular,11,AP Top 25,8,TCU,Big 12,1087
2017,regular,11,AP Top 25,9,Washington,Pac-12,1061
2017,regular,11,AP Top 25,10,Auburn,SEC,875
2017,regular,11,AP Top 25,11,Ohio State,Big Ten,781
2017,regular,11,AP Top 25,12,Oklahoma State,Big 12,766
2017,regular,11,AP Top 25,13,Michigan State,Big Ten,760
2017,regular,11,AP Top 25,14,UCF,American Athletic,736
2017,regular,11,AP Top 25,15,USC,Pac-12,718
2017,regular,11,AP Top 25,16,Penn State,Big Ten,717
2017,regular,11,AP Top 25,17,Virginia Tech,ACC,537
2017,regular,11,AP Top 25,18,Mississippi State,SEC,464
2017,regular,11,AP Top 25,19,Washington State,Pac-12,420
2017,regular,11,AP Top 25,20,Memphis,American Athletic,376
2017,regular,11,AP Top 25,21,Michigan,Big Ten,184
2017,regular,11,AP Top 25,22,South Florida,American Athletic,177
2017,regular,11,AP Top 25,23,West Virginia,Big 12,163
2017,regular,11,AP Top 25,24,Iowa State,Big 12,155
2017,regular,11,AP Top 25,25,Iowa,Big Ten,147
2017,regular,11,Coaches Poll,1,Alabama,SEC,1624
2017,regular,11,Coaches Poll,2,Georgia,SEC,1560
2017,regular,11,Coaches Poll,3,Wisconsin,Big Ten,1392
2017,regular,11,Coaches Poll,4,Clemson,ACC,1379
2017,regular,11,Coaches Poll,5,Notre Dame,FBS Independents,1367
2017,regular,11,Coaches Poll,6,Miami,ACC,1326
2017,regular,11,Coaches Poll,7,Oklahoma,Big 12,1314
2017,regular,11,Coaches Poll,8,Washington,Pac-12,1154
2017,regular,11,Coaches Poll,9,TCU,Big 12,1143
2017,regular,11,Coaches Poll,10,Auburn,SEC,900
2017,regular,11,Coaches Poll,11,Ohio State,Big Ten,881
2017,regular,11,Coaches Poll,12,UCF,American Athletic,854
2017,regular,11,Coaches Poll,13,Penn State,Big Ten,817
2017,regular,11,Coaches Poll,14,USC,Pac-12,778
2017,regular,11,Coaches Poll,15,Oklahoma State,Big 12,764
2017,regular,11,Coaches Poll,16,Michigan State,Big Ten,609
2017,regular,11,Coaches Poll,17,Virginia Tech,ACC,555
2017,regular,11,Coaches Poll,18,Mississippi State,SEC,462
2017,regular,11,Coaches Poll,19,Memphis,American Athletic,457
2017,regular,11,Coaches Poll,20,Washington State,Pac-12,376
2017,regular,11,Coaches Poll,21,South Florida,American Athletic,306
2017,regular,11,Coaches Poll,22,Michigan,Big Ten,261
2017,regular,11,Coaches Poll,23,Iowa State,Big 12,150
2017,regular,11,Coaches Poll,24,NC State,ACC,149
2017,regular,11,Coaches Poll,25,LSU,SEC,136
2017,regular,11,FCS Coaches Poll,1,James Madison,CAA,650
2017,regular,11,FCS Coaches Poll,2,Jacksonville State,OVC,619
2017,regular,11,FCS Coaches Poll,3,Central Arkansas,Southland,567
2017,regular,11,FCS Coaches Poll,4,Sam Houston,Southland,550
2017,regular,11,FCS Coaches Poll,5,South Dakota State,MVFC,538
2017,regular,11,FCS Coaches Poll,6,North Dakota State,MVFC,527
2017,regular,11,FCS Coaches Poll,7,North Carolina A&T,MEAC,478
2017,regular,11,FCS Coaches Poll,8,Wofford,Southern,466
2017,regular,11,FCS Coaches Poll,9,Elon,CAA,447
2017,regular,11,FCS Coaches Poll,10,South Dakota,MVFC,364
2017,regular,11,FCS Coaches Poll,11,Grambling,SWAC,362
2017,regular,11,FCS Coaches Poll,12,Weber State,Big Sky,346
2017,regular,11,FCS Coaches Poll,13,Western Illinois,MVFC,308
2017,regular,11,FCS Coaches Poll,14,Samford,Southern,285
2017,regular,11,FCS Coaches Poll,15,Stony Brook,CAA,238
2017,regular,11,FCS Coaches Poll,16,New Hampshire,CAA,234
2017,regular,11,FCS Coaches Poll,17,Nicholls,Southland,221
2017,regular,11,FCS Coaches Poll,18,McNeese,Southland,177
2017,regular,11,FCS Coaches Poll,19,Southern Utah,Big Sky,167
2017,regular,11,FCS Coaches Poll,20,Illinois State,MVFC,164
2017,regular,11,FCS Coaches Poll,21,Eastern Washington,Big Sky,152
2017,regular,11,FCS Coaches Poll,22,Monmouth,Big South,114
2017,regular,11,FCS Coaches Poll,23,Kennesaw State,Big South,103
2017,regular,11,FCS Coaches Poll,24,Northern Arizona,Big Sky,85
2017,regular,11,FCS Coaches Poll,25,Western Carolina,Southern,65
2017,regular,11,Playoff Committee Rankings,1,Georgia,SEC,0
2017,regular,11,Playoff Committee Rankings,2,Alabama,SEC,0
2017,regular,11,Playoff Committee Rankings,3,Notre Dame,FBS Independents,0
2017,regular,11,Playoff Committee Rankings,4,Clemson,ACC,0
2017,regular,11,Playoff Committee Rankings,5,Oklahoma,Big 12,0
2017,regular,11,Playoff Committee Rankings,6,TCU,Big 12,0
2017,regular,11,Playoff Committee Rankings,7,Miami,ACC,0
2017,regular,11,Playoff Committee Rankings,8,Wisconsin,Big Ten,0
2017,regular,11,Playoff Committee Rankings,9,Washington,Pac-12,0
2017,regular,11,Playoff Committee Rankings,10,Auburn,SEC,0
2017,regular,11,Playoff Committee Rankings,11,USC,Pac-12,0
2017,regular,11,Playoff Committee Rankings,12,Michigan State,Big Ten,0
2017,regular,11,Playoff Committee Rankings,13,Ohio State,Big Ten,0
2017,regular,11,Playoff Committee Rankings,14,Penn State,Big Ten,0
2017,regular,11,Playoff Committee Rankings,15,Oklahoma State,Big 12,0
2017,regular,11,Playoff Committee Rankings,16,Mississippi State,SEC,0
2017,regular,11,Playoff Committee Rankings,17,Virginia Tech,ACC,0
2017,regular,11,Playoff Committee Rankings,18,UCF,American Athletic,0
2017,regular,11,Playoff Committee Rankings,19,Washington State,Pac-12,0
2017,regular,11,Playoff Committee Rankings,20,Iowa,Big Ten,0
2017,regular,11,Playoff Committee Rankings,21,Iowa State,Big 12,0
2017,regular,11,Playoff Committee Rankings,22,Memphis,American Athletic,0
2017,regular,11,Playoff Committee Rankings,23,NC State,ACC,0
2017,regular,11,Playoff Committee Rankings,24,LSU,SEC,0
2017,regular,11,Playoff Committee Rankings,25,Northwestern,Big Ten,0
2017,regular,12,AP Top 25,1,Alabama,SEC,1521
2017,regular,12,AP Top 25,2,Miami,ACC,1438
2017,regular,12,AP Top 25,3,Oklahoma,Big 12,1367
2017,regular,12,AP Top 25,4,Clemson,ACC,1358
2017,regular,12,AP Top 25,5,Wisconsin,Big Ten,1322
2017,regular,12,AP Top 25,6,Auburn,SEC,1199
2017,regular,12,AP Top 25,7,Georgia,SEC,1151
2017,regular,12,AP Top 25,8,Ohio State,Big Ten,1036
2017,regular,12,AP Top 25,9,Notre Dame,FBS Independents,1001
2017,regular,12,AP Top 25,10,Oklahoma State,Big 12,898
2017,regular,12,AP Top 25,11,TCU,Big 12,875
2017,regular,12,AP Top 25,12,USC,Pac-12,866
2017,regular,12,AP Top 25,13,Penn State,Big Ten,818
2017,regular,12,AP Top 25,14,UCF,American Athletic,807
2017,regular,12,AP Top 25,15,Washington State,Pac-12,614
2017,regular,12,AP Top 25,16,Washington,Pac-12,575
2017,regular,12,AP Top 25,17,Mississippi State,SEC,492
2017,regular,12,AP Top 25,18,Memphis,American Athletic,437
2017,regular,12,AP Top 25,19,Michigan,Big Ten,315
2017,regular,12,AP Top 25,20,Stanford,Pac-12,287
2017,regular,12,AP Top 25,21,LSU,SEC,276
2017,regular,12,AP Top 25,22,Michigan State,Big Ten,259
2017,regular,12,AP Top 25,23,South Florida,American Athletic,236
2017,regular,12,AP Top 25,24,West Virginia,Big 12,222
2017,regular,12,AP Top 25,25,NC State,ACC,178
2017,regular,12,Coaches Poll,1,Alabama,SEC,1575
2017,regular,12,Coaches Poll,2,Miami,ACC,1465
2017,regular,12,Coaches Poll,3,Clemson,ACC,1406
2017,regular,12,Coaches Poll,4,Wisconsin,Big Ten,1395
2017,regular,12,Coaches Poll,5,Oklahoma,Big 12,1386
2017,regular,12,Coaches Poll,6,Auburn,SEC,1250
2017,regular,12,Coaches Poll,7,Georgia,SEC,1184
2017,regular,12,Coaches Poll,8,Ohio State,Big Ten,1076
2017,regular,12,Coaches Poll,9,Notre Dame,FBS Independents,947
2017,regular,12,Coaches Poll,10,USC,Pac-12,917
2017,regular,12,Coaches Poll,11,Penn State,Big Ten,912
2017,regular,12,Coaches Poll,12,UCF,American Athletic,910
2017,regular,12,Coaches Poll,13,Oklahoma State,Big 12,902
2017,regular,12,Coaches Poll,14,TCU,Big 12,814
2017,regular,12,Coaches Poll,15,Washington,Pac-12,642
2017,regular,12,Coaches Poll,16,Washington State,Pac-12,587
2017,regular,12,Coaches Poll,17,Memphis,American Athletic,509
2017,regular,12,Coaches Poll,18,Michigan,Big Ten,394
2017,regular,12,Coaches Poll,19,Mississippi State,SEC,373
2017,regular,12,Coaches Poll,20,South Florida,American Athletic,361
2017,regular,12,Coaches Poll,21,LSU,SEC,282
2017,regular,12,Coaches Poll,22,NC State,ACC,271
2017,regular,12,Coaches Poll,23,Stanford,Pac-12,206
2017,regular,12,Coaches Poll,24,Michigan State,Big Ten,179
2017,regular,12,Coaches Poll,25,West Virginia,Big 12,171
2017,regular,12,FCS Coaches Poll,1,James Madison,CAA,650
2017,regular,12,FCS Coaches Poll,2,Jacksonville State,OVC,618
2017,regular,12,FCS Coaches Poll,3,Central Arkansas,Southland,572
2017,regular,12,FCS Coaches Poll,4,Sam Houston,Southland,558
2017,regular,12,FCS Coaches Poll,5,South Dakota State,MVFC,544
2017,regular,12,FCS Coaches Poll,6,North Dakota State,MVFC,535
2017,regular,12,FCS Coaches Poll,7,North Carolina A&T,MEAC,473
2017,regular,12,FCS Coaches Poll,7,Wofford,Southern,473
2017,regular,12,FCS Coaches Poll,9,Weber State,Big Sky,397
2017,regular,12,FCS Coaches Poll,10,Western Illinois,MVFC,387
2017,regular,12,FCS Coaches Poll,11,Grambling,SWAC,385
2017,regular,12,FCS Coaches Poll,12,Stony Brook,CAA,318
2017,regular,12,FCS Coaches Poll,13,Samford,Southern,312
2017,regular,12,FCS Coaches Poll,14,New Hampshire,CAA,307
2017,regular,12,FCS Coaches Poll,15,Elon,CAA,269
2017,regular,12,FCS Coaches Poll,16,South Dakota,MVFC,257
2017,regular,12,FCS Coaches Poll,17,Nicholls,Southland,217
2017,regular,12,FCS Coaches Poll,18,Southern Utah,Big Sky,213
2017,regular,12,FCS Coaches Poll,19,McNeese,Southland,199
2017,regular,12,FCS Coaches Poll,20,Eastern Washington,Big Sky,138
2017,regular,12,FCS Coaches Poll,21,Kennesaw State,Big South,136
2017,regular,12,FCS Coaches Poll,22,Monmouth,Big South,135
2017,regular,12,FCS Coaches Poll,23,Northern Arizona,Big Sky,77
2017,regular,12,FCS Coaches Poll,24,Furman,Southern,73
2017,regular,12,FCS Coaches Poll,25,Illinois State,MVFC,67
2017,regular,12,Playoff Committee Rankings,1,Alabama,SEC,0
2017,regular,12,Playoff Committee Rankings,2,Clemson,ACC,0
2017,regular,12,Playoff Committee Rankings,3,Miami,ACC,0
2017,regular,12,Playoff Committee Rankings,4,Oklahoma,Big 12,0
2017,regular,12,Playoff Committee Rankings,5,Wisconsin,Big Ten,0
2017,regular,12,Playoff Committee Rankings,6,Auburn,SEC,0
2017,regular,12,Playoff Committee Rankings,7,Georgia,SEC,0
2017,regular,12,Playoff Committee Rankings,8,Notre Dame,FBS Independents,0
2017,regular,12,Playoff Committee Rankings,9,Ohio State,Big Ten,0
2017,regular,12,Playoff Committee Rankings,10,Penn State,Big Ten,0
2017,regular,12,Playoff Committee Rankings,11,USC,Pac-12,0
2017,regular,12,Playoff Committee Rankings,12,TCU,Big 12,0
2017,regular,12,Playoff Committee Rankings,13,Oklahoma State,Big 12,0
2017,regular,12,Playoff Committee Rankings,14,Washington State,Pac-12,0
2017,regular,12,Playoff Committee Rankings,15,UCF,American Athletic,0
2017,regular,12,Playoff Committee Rankings,16,Mississippi State,SEC,0
2017,regular,12,Playoff Committee Rankings,17,Michigan State,Big Ten,0
2017,regular,12,Playoff Committee Rankings,18,Washington,Pac-12,0
2017,regular,12,Playoff Committee Rankings,19,NC State,ACC,0
2017,regular,12,Playoff Committee Rankings,20,LSU,SEC,0
2017,regular,12,Playoff Committee Rankings,21,Memphis,American Athletic,0
2017,regular,12,Playoff Committee Rankings,22,Stanford,Pac-12,0
2017,regular,12,Playoff Committee Rankings,23,Northwestern,Big Ten,0
2017,regular,12,Playoff Committee Rankings,24,Michigan,Big Ten,0
2017,regular,12,Playoff Committee Rankings,25,Boise State,Mountain West,0
2017,regular,13,AP Top 25,1,Alabama,SEC,1522
2017,regular,13,AP Top 25,2,Miami,ACC,1433
2017,regular,13,AP Top 25,3,Oklahoma,Big 12,1370
2017,regular,13,AP Top 25,4,Clemson,ACC,1355
2017,regular,13,AP Top 25,5,Wisconsin,Big Ten,1328
2017,regular,13,AP Top 25,6,Auburn,SEC,1203
2017,regular,13,AP Top 25,7,Georgia,SEC,1157
2017,regular,13,AP Top 25,8,Ohio State,Big Ten,1064
2017,regular,13,AP Top 25,9,Notre Dame,FBS Independents,1023
2017,regular,13,AP Top 25,10,TCU,Big 12,906
2017,regular,13,AP Top 25,11,USC,Pac-12,891
2017,regular,13,AP Top 25,12,Penn State,Big Ten,888
2017,regular,13,AP Top 25,13,UCF,American Athletic,833
2017,regular,13,AP Top 25,14,Washington State,Pac-12,697
2017,regular,13,AP Top 25,15,Washington,Pac-12,613
2017,regular,13,AP Top 25,16,Mississippi State,SEC,573
2017,regular,13,AP Top 25,17,Memphis,American Athletic,496
2017,regular,13,AP Top 25,18,Oklahoma State,Big 12,422
2017,regular,13,AP Top 25,19,LSU,SEC,415
2017,regular,13,AP Top 25,20,Stanford,Pac-12,407
2017,regular,13,AP Top 25,21,Michigan State,Big Ten,366
2017,regular,13,AP Top 25,22,South Florida,American Athletic,247
2017,regular,13,AP Top 25,23,Northwestern,Big Ten,232
2017,regular,13,AP Top 25,24,Virginia Tech,ACC,136
2017,regular,13,AP Top 25,25,Boise State,Mountain West,96
2017,regular,13,Coaches Poll,1,Alabama,SEC,1600
2017,regular,13,Coaches Poll,2,Miami,ACC,1492
2017,regular,13,Coaches Poll,3,Clemson,ACC,1429
2017,regular,13,Coaches Poll,4,Wisconsin,Big Ten,1414
2017,regular,13,Coaches Poll,5,Oklahoma,Big 12,1408
2017,regular,13,Coaches Poll,6,Auburn,SEC,1271
2017,regular,13,Coaches Poll,7,Georgia,SEC,1221
2017,regular,13,Coaches Poll,8,Ohio State,Big Ten,1103
2017,regular,13,Coaches Poll,9,Notre Dame,FBS Independents,1019
2017,regular,13,Coaches Poll,10,USC,Pac-12,976
2017,regular,13,Coaches Poll,11,Penn State,Big Ten,956
2017,regular,13,Coaches Poll,12,UCF,American Athletic,915
2017,regular,13,Coaches Poll,13,TCU,Big 12,861
2017,regular,13,Coaches Poll,14,Washington,Pac-12,735
2017,regular,13,Coaches Poll,15,Washington State,Pac-12,684
2017,regular,13,Coaches Poll,16,Memphis,American Athletic,566
2017,regular,13,Coaches Poll,17,Mississippi State,SEC,552
2017,regular,13,Coaches Poll,18,LSU,SEC,430
2017,regular,13,Coaches Poll,19,South Florida,American Athletic,388
2017,regular,13,Coaches Poll,20,Stanford,Pac-12,383
2017,regular,13,Coaches Poll,21,Oklahoma State,Big 12,366
2017,regular,13,Coaches Poll,22,Michigan State,Big Ten,326
2017,regular,13,Coaches Poll,23,Northwestern,Big Ten,243
2017,regular,13,Coaches Poll,24,Boise State,Mountain West,124
2017,regular,13,Coaches Poll,25,Virginia Tech,ACC,119
2017,regular,13,FCS Coaches Poll,1,James Madison,CAA,650
2017,regular,13,FCS Coaches Poll,2,Jacksonville State,OVC,612
2017,regular,13,FCS Coaches Poll,3,Central Arkansas,Southland,588
2017,regular,13,FCS Coaches Poll,4,North Dakota State,MVFC,547
2017,regular,13,FCS Coaches Poll,5,Sam Houston,Southland,538
2017,regular,13,FCS Coaches Poll,6,South Dakota State,MVFC,537
2017,regular,13,FCS Coaches Poll,7,North Carolina A&T,MEAC,481
2017,regular,13,FCS Coaches Poll,8,Weber State,Big Sky,438
2017,regular,13,FCS Coaches Poll,9,Wofford,Southern,430
2017,regular,13,FCS Coaches Poll,10,Western Illinois,MVFC,410
2017,regular,13,FCS Coaches Poll,11,Stony Brook,CAA,364
2017,regular,13,FCS Coaches Poll,12,Grambling,SWAC,357
2017,regular,13,FCS Coaches Poll,13,Southern Utah,Big Sky,326
2017,regular,13,FCS Coaches Poll,14,Samford,Southern,317
2017,regular,13,FCS Coaches Poll,15,McNeese,Southland,242
2017,regular,13,FCS Coaches Poll,16,Kennesaw State,Big South,224
2017,regular,13,FCS Coaches Poll,17,Elon,CAA,209
2017,regular,13,FCS Coaches Poll,18,South Dakota,MVFC,207
2017,regular,13,FCS Coaches Poll,19,Eastern Washington,Big Sky,189
2017,regular,13,FCS Coaches Poll,20,New Hampshire,CAA,142
2017,regular,13,FCS Coaches Poll,21,Northern Iowa,MVFC,138
2017,regular,13,FCS Coaches Poll,22,Nicholls,Southland,115
2017,regular,13,FCS Coaches Poll,23,Monmouth,Big South,65
2017,regular,13,FCS Coaches Poll,24,Yale,Ivy,58
2017,regular,13,FCS Coaches Poll,25,Furman,Southern,57
2017,regular,13,Playoff Committee Rankings,1,Alabama,SEC,0
2017,regular,13,Playoff Committee Rankings,2,Miami,ACC,0
2017,regular,13,Playoff Committee Rankings,3,Clemson,ACC,0
2017,regular,13,Playoff Committee Rankings,4,Oklahoma,Big 12,0
2017,regular,13,Playoff Committee Rankings,5,Wisconsin,Big Ten,0
2017,regular,13,Playoff Committee Rankings,6,Auburn,SEC,0
2017,regular,13,Playoff Committee Rankings,7,Georgia,SEC,0
2017,regular,13,Playoff Committee Rankings,8,Notre Dame,FBS Independents,0
2017,regular,13,Playoff Committee Rankings,9,Ohio State,Big Ten,0
2017,regular,13,Playoff Committee Rankings,10,Penn State,Big Ten,0
2017,regular,13,Playoff Committee Rankings,11,USC,Pac-12,0
2017,regular,13,Playoff Committee Rankings,12,TCU,Big 12,0
2017,regular,13,Playoff Committee Rankings,13,Washington State,Pac-12,0
2017,regular,13,Playoff Committee Rankings,14,Mississippi State,SEC,0
2017,regular,13,Playoff Committee Rankings,15,UCF,American Athletic,0
2017,regular,13,Playoff Committee Rankings,16,Michigan State,Big Ten,0
2017,regular,13,Playoff Committee Rankings,17,Washington,Pac-12,0
2017,regular,13,Playoff Committee Rankings,18,LSU,SEC,0
2017,regular,13,Playoff Committee Rankings,19,Oklahoma State,Big 12,0
2017,regular,13,Playoff Committee Rankings,20,Memphis,American Athletic,0
2017,regular,13,Playoff Committee Rankings,21,Stanford,Pac-12,0
2017,regular,13,Playoff Committee Rankings,22,Northwestern,Big Ten,0
2017,regular,13,Playoff Committee Rankings,23,Boise State,Mountain West,0
2017,regular,13,Playoff Committee Rankings,24,South Carolina,SEC,0
2017,regular,13,Playoff Committee Rankings,25,Virginia Tech,ACC,0
2017,regular,14,AP Top 25,1,Clemson,ACC,1478
2017,regular,14,AP Top 25,2,Oklahoma,Big 12,1461
2017,regular,14,AP Top 25,3,Wisconsin,Big Ten,1405
2017,regular,14,AP Top 25,4,Auburn,SEC,1374
2017,regular,14,AP Top 25,5,Alabama,SEC,1254
2017,regular,14,AP Top 25,6,Georgia,SEC,1246
2017,regular,14,AP Top 25,7,Miami,ACC,1119
2017,regular,14,AP Top 25,8,Ohio State,Big Ten,1112
2017,regular,14,AP Top 25,9,Penn State,Big Ten,960
2017,regular,14,AP Top 25,10,TCU,Big 12,956
2017,regular,14,AP Top 25,11,USC,Pac-12,936
2017,regular,14,AP Top 25,12,UCF,American Athletic,906
2017,regular,14,AP Top 25,13,Washington,Pac-12,764
2017,regular,14,AP Top 25,14,Stanford,Pac-12,693
2017,regular,14,AP Top 25,15,Notre Dame,FBS Independents,592
2017,regular,14,AP Top 25,16,Memphis,American Athletic,582
2017,regular,14,AP Top 25,17,LSU,SEC,566
2017,regular,14,AP Top 25,18,Oklahoma State,Big 12,532
2017,regular,14,AP Top 25,19,Michigan State,Big Ten,457
2017,regular,14,AP Top 25,20,Northwestern,Big Ten,378
2017,regular,14,AP Top 25,21,Washington State,Pac-12,328
2017,regular,14,AP Top 25,22,Virginia Tech,ACC,298
2017,regular,14,AP Top 25,23,South Florida,American Athletic,114
2017,regular,14,AP Top 25,24,Mississippi State,SEC,88
2017,regular,14,AP Top 25,25,Fresno State,Mountain West,57
2017,regular,14,Coaches Poll,1,Clemson,ACC,1485
2017,regular,14,Coaches Poll,2,Oklahoma,Big 12,1462
2017,regular,14,Coaches Poll,3,Wisconsin,Big Ten,1454
2017,regular,14,Coaches Poll,4,Auburn,SEC,1402
2017,regular,14,Coaches Poll,5,Alabama,SEC,1272
2017,regular,14,Coaches Poll,6,Georgia,SEC,1269
2017,regular,14,Coaches Poll,7,Ohio State,Big Ten,1123
2017,regular,14,Coaches Poll,7,Miami,ACC,1123
2017,regular,14,Coaches Poll,9,USC,Pac-12,990
2017,regular,14,Coaches Poll,10,Penn State,Big Ten,970
2017,regular,14,Coaches Poll,11,UCF,American Athletic,957
2017,regular,14,Coaches Poll,12,TCU,Big 12,934
2017,regular,14,Coaches Poll,13,Washington,Pac-12,822
2017,regular,14,Coaches Poll,14,Memphis,American Athletic,656
2017,regular,14,Coaches Poll,15,Stanford,Pac-12,640
2017,regular,14,Coaches Poll,16,LSU,SEC,596
2017,regular,14,Coaches Poll,17,Notre Dame,FBS Independents,541
2017,regular,14,Coaches Poll,18,Oklahoma State,Big 12,506
2017,regular,14,Coaches Poll,19,Michigan State,Big Ten,476
2017,regular,14,Coaches Poll,20,Northwestern,Big Ten,387
2017,regular,14,Coaches Poll,21,Virginia Tech,ACC,297
2017,regular,14,Coaches Poll,22,Washington State,Pac-12,266
2017,regular,14,Coaches Poll,23,South Florida,American Athletic,128
2017,regular,14,Coaches Poll,24,Mississippi State,SEC,124
2017,regular,14,Coaches Poll,25,San Diego State,Mountain West,86
2017,regular,14,Playoff Committee Rankings,1,Clemson,ACC,0
2017,regular,14,Playoff Committee Rankings,2,Auburn,SEC,0
2017,regular,14,Playoff Committee Rankings,3,Oklahoma,Big 12,0
2017,regular,14,Playoff Committee Rankings,4,Wisconsin,Big Ten,0
2017,regular,14,Playoff Committee Rankings,5,Alabama,SEC,0
2017,regular,14,Playoff Committee Rankings,6,Georgia,SEC,0
2017,regular,14,Playoff Committee Rankings,7,Miami,ACC,0
2017,regular,14,Playoff Committee Rankings,8,Ohio State,Big Ten,0
2017,regular,14,Playoff Committee Rankings,9,Penn State,Big Ten,0
2017,regular,14,Playoff Committee Rankings,10,USC,Pac-12,0
2017,regular,14,Playoff Committee Rankings,11,TCU,Big 12,0
2017,regular,14,Playoff Committee Rankings,12,Stanford,Pac-12,0
2017,regular,14,Playoff Committee Rankings,13,Washington,Pac-12,0
2017,regular,14,Playoff Committee Rankings,14,UCF,American Athletic,0
2017,regular,14,Playoff Committee Rankings,15,Notre Dame,FBS Independents,0
2017,regular,14,Playoff Committee Rankings,16,Michigan State,Big Ten,0
2017,regular,14,Playoff Committee Rankings,17,LSU,SEC,0
2017,regular,14,Playoff Committee Rankings,18,Washington State,Pac-12,0
2017,regular,14,Playoff Committee Rankings,19,Oklahoma State,Big 12,0
2017,regular,14,Playoff Committee Rankings,20,Memphis,American Athletic,0
2017,regular,14,Playoff Committee Rankings,21,Northwestern,Big Ten,0
2017,regular,14,Playoff Committee Rankings,22,Virginia Tech,ACC,0
2017,regular,14,Playoff Committee Rankings,23,Mississippi State,SEC,0
2017,regular,14,Playoff Committee Rankings,24,NC State,ACC,0
2017,regular,14,Playoff Committee Rankings,25,Fresno State,Mountain West,0
2017,regular,15,AP Top 25,1,Clemson,ACC,1506
2017,regular,15,AP Top 25,2,Oklahoma,Big 12,1474
2017,regular,15,AP Top 25,3,Georgia,SEC,1409
2017,regular,15,AP Top 25,4,Alabama,SEC,1307
2017,regular,15,AP Top 25,5,Ohio State,Big Ten,1300
2017,regular,15,AP Top 25,6,Wisconsin,Big Ten,1162
2017,regular,15,AP Top 25,7,Auburn,SEC,1123
2017,regular,15,AP Top 25,8,USC,Pac-12,1101
2017,regular,15,AP Top 25,9,Penn State,Big Ten,1008
2017,regular,15,AP Top 25,10,UCF,American Athletic,983
2017,regular,15,AP Top 25,11,Miami,ACC,948
2017,regular,15,AP Top 25,12,Washington,Pac-12,820
2017,regular,15,AP Top 25,13,TCU,Big 12,816
2017,regular,15,AP Top 25,14,Notre Dame,FBS Independents,632
2017,regular,15,AP Top 25,15,Stanford,Pac-12,629
2017,regular,15,AP Top 25,16,LSU,SEC,599
2017,regular,15,AP Top 25,17,Oklahoma State,Big 12,549
2017,regular,15,AP Top 25,18,Michigan State,Big Ten,487
2017,regular,15,AP Top 25,19,Memphis,American Athletic,475
2017,regular,15,AP Top 25,20,Northwestern,Big Ten,398
2017,regular,15,AP Top 25,21,Washington State,Pac-12,342
2017,regular,15,AP Top 25,22,Virginia Tech,ACC,323
2017,regular,15,AP Top 25,23,South Florida,American Athletic,115
2017,regular,15,AP Top 25,24,Mississippi State,SEC,103
2017,regular,15,AP Top 25,25,Boise State,Mountain West,59
2017,regular,15,Coaches Poll,1,Clemson,ACC,1510
2017,regular,15,Coaches Poll,2,Oklahoma,Big 12,1462
2017,regular,15,Coaches Poll,3,Georgia,SEC,1416
2017,regular,15,Coaches Poll,4,Alabama,SEC,1312
2017,regular,15,Coaches Poll,5,Ohio State,Big Ten,1298
2017,regular,15,Coaches Poll,6,Wisconsin,Big Ten,1162
2017,regular,15,Coaches Poll,7,USC,Pac-12,1140
2017,regular,15,Coaches Poll,8,Auburn,SEC,1085
2017,regular,15,Coaches Poll,9,Penn State,Big Ten,1006
2017,regular,15,Coaches Poll,10,UCF,American Athletic,986
2017,regular,15,Coaches Poll,11,Miami,ACC,934
2017,regular,15,Coaches Poll,12,Washington,Pac-12,855
2017,regular,15,Coaches Poll,13,TCU,Big 12,807
2017,regular,15,Coaches Poll,14,LSU,SEC,638
2017,regular,15,Coaches Poll,15,Notre Dame,FBS Independents,628
2017,regular,15,Coaches Poll,16,Stanford,Pac-12,607
2017,regular,15,Coaches Poll,17,Oklahoma State,Big 12,522
2017,regular,15,Coaches Poll,18,Memphis,American Athletic,485
2017,regular,15,Coaches Poll,19,Michigan State,Big Ten,474
2017,regular,15,Coaches Poll,20,Northwestern,Big Ten,370
2017,regular,15,Coaches Poll,21,Washington State,Pac-12,310
2017,regular,15,Coaches Poll,22,Virginia Tech,ACC,302
2017,regular,15,Coaches Poll,23,Mississippi State,SEC,134
2017,regular,15,Coaches Poll,24,South Florida,American Athletic,126
2017,regular,15,Coaches Poll,25,Boise State,Mountain West,72
2017,regular,15,Playoff Committee Rankings,1,Clemson,ACC,0
2017,regular,15,Playoff Committee Rankings,2,Oklahoma,Big 12,0
2017,regular,15,Playoff Committee Rankings,3,Georgia,SEC,0
2017,regular,15,Playoff Committee Rankings,4,Alabama,SEC,0
2017,regular,15,Playoff Committee Rankings,5,Ohio State,Big Ten,0
2017,regular,15,Playoff Committee Rankings,6,Wisconsin,Big Ten,0
2017,regular,15,Playoff Committee Rankings,7,Auburn,SEC,0
2017,regular,15,Playoff Committee Rankings,8,USC,Pac-12,0
2017,regular,15,Playoff Committee Rankings,9,Penn State,Big Ten,0
2017,regular,15,Playoff Committee Rankings,10,Miami,ACC,0
2017,regular,15,Playoff Committee Rankings,11,Washington,Pac-12,0
2017,regular,15,Playoff Committee Rankings,12,UCF,American Athletic,0
2017,regular,15,Playoff Committee Rankings,13,Stanford,Pac-12,0
2017,regular,15,Playoff Committee Rankings,14,Notre Dame,FBS Independents,0
2017,regular,15,Playoff Committee Rankings,15,TCU,Big 12,0
2017,regular,15,Playoff Committee Rankings,16,Michigan State,Big Ten,0
2017,regular,15,Playoff Committee Rankings,17,LSU,SEC,0
2017,regular,15,Playoff Committee Rankings,18,Washington State,Pac-12,0
2017,regular,15,Playoff Committee Rankings,19,Oklahoma State,Big 12,0
2017,regular,15,Playoff Committee Rankings,20,Memphis,American Athletic,0
2017,regular,15,Playoff Committee Rankings,21,Northwestern,Big Ten,0
2017,regular,15,Playoff Committee Rankings,22,Virginia Tech,ACC,0
2017,regular,15,Playoff Committee Rankings,23,Mississippi State,SEC,0
2017,regular,15,Playoff Committee Rankings,24,NC State,ACC,0
2017,regular,15,Playoff Committee Rankings,25,Boise State,Mountain West,0
