season,seasonType,week,pollDate,pollType,teamId,team,conference,ranking,points,firstPlaceVotes
2026,regular,1,2025-10-13T00:00:00.000Z,AP Top 25,236,Purdue,Big Ten,1.0,1485,35
2026,regular,1,2025-10-13T00:00:00.000Z,AP Top 25,113,Houston,Big 12,2.0,1459,16
2026,regular,1,2025-10-13T00:00:00.000Z,AP Top 25,87,Florida,SEC,3.0,1382,8
2026,regular,1,2025-10-13T00:00:00.000Z,AP Top 25,314,UConn,Big East,4.0,1299,2
2026,regular,1,2025-10-13T00:00:00.000Z,AP Top 25,279,St. John's,Big East,5.0,1203,0
2026,regular,1,2025-10-13T00:00:00.000Z,AP Top 25,72,Duke,ACC,6.0,1123,0
2026,regular,1,2025-10-13T00:00:00.000Z,AP Top 25,170,Michigan,Big Ten,7.0,1084,0
2026,regular,1,2025-10-13T00:00:00.000Z,AP Top 25,18,BYU,Big 12,8.0,1078,0
2026,regular,1,2025-10-13T00:00:00.000Z,AP Top 25,135,Kentucky,SEC,9.0,1056,0
2026,regular,1,2025-10-13T00:00:00.000Z,AP Top 25,298,Texas Tech,Big 12,10.0,1015,0
2026,regular,1,2025-10-13T00:00:00.000Z,AP Top 25,150,Louisville,ACC,11.0,966,0
2026,regular,1,2025-10-13T00:00:00.000Z,AP Top 25,313,UCLA,Big Ten,12.0,741,0
2026,regular,1,2025-10-13T00:00:00.000Z,AP Top 25,11,Arizona,Big 12,13.0,715,0
2026,regular,1,2025-10-13T00:00:00.000Z,AP Top 25,12,Arkansas,SEC,14.0,695,0
2026,regular,1,2025-10-13T00:00:00.000Z,AP Top 25,5,Alabama,SEC,15.0,620,0
2026,regular,1,2025-10-13T00:00:00.000Z,AP Top 25,125,Iowa State,Big 12,16.0,616,0
2026,regular,1,2025-10-13T00:00:00.000Z,AP Top 25,118,Illinois,Big Ten,17.0,567,0
2026,regular,1,2025-10-13T00:00:00.000Z,AP Top 25,292,Tennessee,SEC,18.0,462,0
2026,regular,1,2025-10-13T00:00:00.000Z,AP Top 25,131,Kansas,Big 12,19.0,453,0
2026,regular,1,2025-10-13T00:00:00.000Z,AP Top 25,16,Auburn,SEC,20.0,424,0
2026,regular,1,2025-10-13T00:00:00.000Z,AP Top 25,102,Gonzaga,WCC,21.0,387,0
2026,regular,1,2025-10-13T00:00:00.000Z,AP Top 25,169,Michigan State,Big Ten,22.0,188,0
2026,regular,1,2025-10-13T00:00:00.000Z,AP Top 25,61,Creighton,Big East,23.0,158,0
2026,regular,1,2025-10-13T00:00:00.000Z,AP Top 25,355,Wisconsin,Big Ten,24.0,136,0
2026,regular,1,2025-10-13T00:00:00.000Z,AP Top 25,200,North Carolina,ACC,25.0,104,0
2026,regular,1,2025-10-13T00:00:00.000Z,AP Top 25,185,NC State,ACC,,101,0
2026,regular,1,2025-10-13T00:00:00.000Z,AP Top 25,223,Oregon,Big Ten,,98,0
2026,regular,1,2025-10-13T00:00:00.000Z,AP Top 25,257,San Diego State,Mountain West,,74,0
2026,regular,1,2025-10-13T00:00:00.000Z,AP Top 25,295,Texas,SEC,,35,0
2026,regular,1,2025-10-13T00:00:00.000Z,AP Top 25,216,Ohio State,Big Ten,,23,0
2026,regular,1,2025-10-13T00:00:00.000Z,AP Top 25,132,Kansas State,Big 12,,13,0
2026,regular,1,2025-10-13T00:00:00.000Z,AP Top 25,220,Ole Miss,SEC,,11,0
2026,regular,1,2025-10-13T00:00:00.000Z,AP Top 25,323,USC,Big Ten,,10,0
2026,regular,1,2025-10-13T00:00:00.000Z,AP Top 25,177,Missouri,SEC,,8,0
2026,regular,1,2025-10-13T00:00:00.000Z,AP Top 25,343,Washington,Big Ten,,7,0
2026,regular,1,2025-10-13T00:00:00.000Z,AP Top 25,336,Vanderbilt,SEC,,7,0
2026,regular,1,2025-10-13T00:00:00.000Z,AP Top 25,124,Iowa,Big Ten,,6,0
2026,regular,1,2025-10-13T00:00:00.000Z,AP Top 25,25,Boise State,Mountain West,,4,0
2026,regular,1,2025-10-13T00:00:00.000Z,AP Top 25,174,Mississippi State,SEC,,3,0
2026,regular,1,2025-10-13T00:00:00.000Z,AP Top 25,333,VCU,A-10,,2,0
2026,regular,1,2025-10-13T00:00:00.000Z,AP Top 25,253,Saint Mary's,WCC,,2,0
2026,regular,1,2025-10-13T00:00:00.000Z,AP Top 25,339,Virginia,ACC,,2,0
2026,regular,1,2025-10-13T00:00:00.000Z,AP Top 25,20,Baylor,Big 12,,1,0
2026,regular,1,2025-10-13T00:00:00.000Z,AP Top 25,217,Oklahoma,SEC,,1,0
2026,regular,1,2025-10-13T00:00:00.000Z,AP Top 25,121,Indiana,Big Ten,,1,0
2026,regular,1,2025-10-22T00:00:00.000Z,Coaches Poll,236,Purdue,Big Ten,1.0,755,18
2026,regular,1,2025-10-22T00:00:00.000Z,Coaches Poll,113,Houston,Big 12,2.0,749,12
2026,regular,1,2025-10-22T00:00:00.000Z,Coaches Poll,87,Florida,SEC,3.0,704,1
2026,regular,1,2025-10-22T00:00:00.000Z,Coaches Poll,314,UConn,Big East,4.0,647,0
2026,regular,1,2025-10-22T00:00:00.000Z,Coaches Poll,72,Duke,ACC,5.0,623,0
2026,regular,1,2025-10-22T00:00:00.000Z,Coaches Poll,279,St. John's,Big East,6.0,609,0
2026,regular,1,2025-10-22T00:00:00.000Z,Coaches Poll,170,Michigan,Big Ten,7.0,569,0
2026,regular,1,2025-10-22T00:00:00.000Z,Coaches Poll,18,BYU,Big 12,8.0,532,0
2026,regular,1,2025-10-22T00:00:00.000Z,Coaches Poll,135,Kentucky,SEC,9.0,529,0
2026,regular,1,2025-10-22T00:00:00.000Z,Coaches Poll,150,Louisville,ACC,10.0,456,0
2026,regular,1,2025-10-22T00:00:00.000Z,Coaches Poll,298,Texas Tech,Big 12,11.0,455,0
2026,regular,1,2025-10-22T00:00:00.000Z,Coaches Poll,313,UCLA,Big Ten,12.0,421,0
2026,regular,1,2025-10-22T00:00:00.000Z,Coaches Poll,11,Arizona,Big 12,13.0,398,0
2026,regular,1,2025-10-22T00:00:00.000Z,Coaches Poll,118,Illinois,Big Ten,14.0,349,0
2026,regular,1,2025-10-22T00:00:00.000Z,Coaches Poll,12,Arkansas,SEC,15.0,329,0
2026,regular,1,2025-10-22T00:00:00.000Z,Coaches Poll,5,Alabama,SEC,16.0,322,0
2026,regular,1,2025-10-22T00:00:00.000Z,Coaches Poll,292,Tennessee,SEC,17.0,292,0
2026,regular,1,2025-10-22T00:00:00.000Z,Coaches Poll,125,Iowa State,Big 12,18.0,289,0
2026,regular,1,2025-10-22T00:00:00.000Z,Coaches Poll,131,Kansas,Big 12,19.0,235,0
2026,regular,1,2025-10-22T00:00:00.000Z,Coaches Poll,102,Gonzaga,WCC,20.0,185,0
2026,regular,1,2025-10-22T00:00:00.000Z,Coaches Poll,169,Michigan State,Big Ten,21.0,144,0
2026,regular,1,2025-10-22T00:00:00.000Z,Coaches Poll,16,Auburn,SEC,22.0,114,0
2026,regular,1,2025-10-22T00:00:00.000Z,Coaches Poll,61,Creighton,Big East,23.0,103,0
2026,regular,1,2025-10-22T00:00:00.000Z,Coaches Poll,355,Wisconsin,Big Ten,24.0,62,0
2026,regular,1,2025-10-22T00:00:00.000Z,Coaches Poll,200,North Carolina,ACC,25.0,37,0
2026,regular,1,2025-10-22T00:00:00.000Z,Coaches Poll,185,NC State,ACC,,33,0
2026,regular,1,2025-10-22T00:00:00.000Z,Coaches Poll,223,Oregon,Big Ten,,26,0
2026,regular,1,2025-10-22T00:00:00.000Z,Coaches Poll,216,Ohio State,Big Ten,,15,0
2026,regular,1,2025-10-22T00:00:00.000Z,Coaches Poll,257,San Diego State,Mountain West,,15,0
2026,regular,1,2025-10-22T00:00:00.000Z,Coaches Poll,20,Baylor,Big 12,,13,0
2026,regular,1,2025-10-22T00:00:00.000Z,Coaches Poll,339,Virginia,ACC,,11,0
2026,regular,1,2025-10-22T00:00:00.000Z,Coaches Poll,336,Vanderbilt,SEC,,10,0
2026,regular,1,2025-10-22T00:00:00.000Z,Coaches Poll,323,USC,Big Ten,,7,0
2026,regular,1,2025-10-22T00:00:00.000Z,Coaches Poll,295,Texas,SEC,,6,0
2026,regular,1,2025-10-22T00:00:00.000Z,Coaches Poll,338,Villanova,Big East,,5,0
2026,regular,1,2025-10-22T00:00:00.000Z,Coaches Poll,177,Missouri,SEC,,5,0
2026,regular,1,2025-10-22T00:00:00.000Z,Coaches Poll,220,Ole Miss,SEC,,4,0
2026,regular,1,2025-10-22T00:00:00.000Z,Coaches Poll,253,Saint Mary's,WCC,,3,0
2026,regular,1,2025-10-22T00:00:00.000Z,Coaches Poll,124,Iowa,Big Ten,,3,0
2026,regular,1,2025-10-22T00:00:00.000Z,Coaches Poll,51,Cincinnati,Big 12,,3,0
2026,regular,1,2025-10-22T00:00:00.000Z,Coaches Poll,343,Washington,Big Ten,,3,0
2026,regular,1,2025-10-22T00:00:00.000Z,Coaches Poll,333,VCU,A-10,,2,0
2026,regular,1,2025-10-22T00:00:00.000Z,Coaches Poll,132,Kansas State,Big 12,,1,0
2026,regular,1,2025-10-22T00:00:00.000Z,Coaches Poll,218,Oklahoma State,Big 12,,1,0
2026,regular,1,2025-10-22T00:00:00.000Z,Coaches Poll,25,Boise State,Mountain West,,1,0
2026,regular,2,2025-11-10T00:00:00.000Z,AP Top 25,113,Houston,Big 12,1.0,1462,18
2026,regular,2,2025-11-10T00:00:00.000Z,AP Top 25,236,Purdue,Big Ten,2.0,1459,36
2026,regular,2,2025-11-10T00:00:00.000Z,AP Top 25,314,UConn,Big East,3.0,1361,3
2026,regular,2,2025-11-10T00:00:00.000Z,AP Top 25,72,Duke,ACC,4.0,1223,2
2026,regular,2,2025-11-10T00:00:00.000Z,AP Top 25,11,Arizona,Big 12,5.0,1204,0
2026,regular,2,2025-11-10T00:00:00.000Z,AP Top 25,170,Michigan,Big Ten,6.0,1121,1
2026,regular,2,2025-11-10T00:00:00.000Z,AP Top 25,18,BYU,Big 12,7.0,1111,0
2026,regular,2,2025-11-10T00:00:00.000Z,AP Top 25,5,Alabama,SEC,8.0,1087,1
2026,regular,2,2025-11-10T00:00:00.000Z,AP Top 25,135,Kentucky,SEC,9.0,1072,0
2026,regular,2,2025-11-10T00:00:00.000Z,AP Top 25,87,Florida,SEC,10.0,990,0
2026,regular,2,2025-11-10T00:00:00.000Z,AP Top 25,298,Texas Tech,Big 12,11.0,969,0
2026,regular,2,2025-11-10T00:00:00.000Z,AP Top 25,150,Louisville,ACC,12.0,856,0
2026,regular,2,2025-11-10T00:00:00.000Z,AP Top 25,279,St. John's,Big East,13.0,812,0
2026,regular,2,2025-11-10T00:00:00.000Z,AP Top 25,118,Illinois,Big Ten,14.0,610,0
2026,regular,2,2025-11-10T00:00:00.000Z,AP Top 25,313,UCLA,Big Ten,15.0,609,0
2026,regular,2,2025-11-10T00:00:00.000Z,AP Top 25,125,Iowa State,Big 12,16.0,605,0
2026,regular,2,2025-11-10T00:00:00.000Z,AP Top 25,169,Michigan State,Big Ten,17.0,557,0
2026,regular,2,2025-11-10T00:00:00.000Z,AP Top 25,200,North Carolina,ACC,18.0,494,0
2026,regular,2,2025-11-10T00:00:00.000Z,AP Top 25,102,Gonzaga,WCC,19.0,466,0
2026,regular,2,2025-11-10T00:00:00.000Z,AP Top 25,292,Tennessee,SEC,20.0,456,0
2026,regular,2,2025-11-10T00:00:00.000Z,AP Top 25,12,Arkansas,SEC,21.0,324,0
2026,regular,2,2025-11-10T00:00:00.000Z,AP Top 25,16,Auburn,SEC,22.0,207,0
2026,regular,2,2025-11-10T00:00:00.000Z,AP Top 25,61,Creighton,Big East,23.0,153,0
2026,regular,2,2025-11-10T00:00:00.000Z,AP Top 25,355,Wisconsin,Big Ten,24.0,140,0
2026,regular,2,2025-11-10T00:00:00.000Z,AP Top 25,131,Kansas,Big 12,25.0,130,0
2026,regular,2,2025-11-10T00:00:00.000Z,AP Top 25,185,NC State,ACC,,87,0
2026,regular,2,2025-11-10T00:00:00.000Z,AP Top 25,257,San Diego State,Mountain West,,67,0
2026,regular,2,2025-11-10T00:00:00.000Z,AP Top 25,121,Indiana,Big Ten,,45,0
2026,regular,2,2025-11-10T00:00:00.000Z,AP Top 25,223,Oregon,Big Ten,,43,0
2026,regular,2,2025-11-10T00:00:00.000Z,AP Top 25,336,Vanderbilt,SEC,,37,0
2026,regular,2,2025-11-10T00:00:00.000Z,AP Top 25,216,Ohio State,Big Ten,,17,0
2026,regular,2,2025-11-10T00:00:00.000Z,AP Top 25,20,Baylor,Big 12,,14,0
2026,regular,2,2025-11-10T00:00:00.000Z,AP Top 25,323,USC,Big Ten,,12,0
2026,regular,2,2025-11-10T00:00:00.000Z,AP Top 25,132,Kansas State,Big 12,,5,0
2026,regular,2,2025-11-10T00:00:00.000Z,AP Top 25,220,Ole Miss,SEC,,4,0
2026,regular,2,2025-11-10T00:00:00.000Z,AP Top 25,177,Missouri,SEC,,4,0
2026,regular,2,2025-11-10T00:00:00.000Z,AP Top 25,174,Mississippi State,SEC,,3,0
2026,regular,2,2025-11-10T00:00:00.000Z,AP Top 25,98,Georgia,SEC,,2,0
2026,regular,2,2025-11-10T00:00:00.000Z,AP Top 25,124,Iowa,Big Ten,,1,0
2026,regular,2,2025-11-10T00:00:00.000Z,AP Top 25,329,Utah State,Mountain West,,1,0
2026,regular,2,2025-11-10T00:00:00.000Z,AP Top 25,340,Virginia Tech,ACC,,1,0
2026,regular,2,2025-11-10T00:00:00.000Z,AP Top 25,295,Texas,SEC,,1,0
2026,regular,2,2025-11-10T00:00:00.000Z,AP Top 25,218,Oklahoma State,Big 12,,1,0
2026,regular,2,2025-11-10T00:00:00.000Z,AP Top 25,97,Georgetown,Big East,,1,0
2026,regular,2,2025-11-10T00:00:00.000Z,AP Top 25,281,Stanford,ACC,,1,0
2026,regular,2,2025-11-10T00:00:00.000Z,Coaches Poll,236,Purdue,Big Ten,1.0,749,21
2026,regular,2,2025-11-10T00:00:00.000Z,Coaches Poll,113,Houston,Big 12,2.0,746,7
2026,regular,2,2025-11-10T00:00:00.000Z,Coaches Poll,314,UConn,Big East,3.0,682,0
2026,regular,2,2025-11-10T00:00:00.000Z,Coaches Poll,72,Duke,ACC,4.0,661,0
2026,regular,2,2025-11-10T00:00:00.000Z,Coaches Poll,170,Michigan,Big Ten,5.0,582,0
2026,regular,2,2025-11-10T00:00:00.000Z,Coaches Poll,11,Arizona,Big 12,6.0,574,0
2026,regular,2,2025-11-10T00:00:00.000Z,Coaches Poll,18,BYU,Big 12,7.0,544,0
2026,regular,2,2025-11-10T00:00:00.000Z,Coaches Poll,135,Kentucky,SEC,8.0,537,0
2026,regular,2,2025-11-10T00:00:00.000Z,Coaches Poll,5,Alabama,SEC,9.0,532,0
2026,regular,2,2025-11-10T00:00:00.000Z,Coaches Poll,87,Florida,SEC,10.0,507,0
2026,regular,2,2025-11-10T00:00:00.000Z,Coaches Poll,298,Texas Tech,Big 12,11.0,454,0
2026,regular,2,2025-11-10T00:00:00.000Z,Coaches Poll,150,Louisville,ACC,12.0,430,0
2026,regular,2,2025-11-10T00:00:00.000Z,Coaches Poll,279,St. John's,Big East,13.0,384,0
2026,regular,2,2025-11-10T00:00:00.000Z,Coaches Poll,118,Illinois,Big Ten,14.0,379,0
2026,regular,2,2025-11-10T00:00:00.000Z,Coaches Poll,313,UCLA,Big Ten,15.0,324,0
2026,regular,2,2025-11-10T00:00:00.000Z,Coaches Poll,125,Iowa State,Big 12,16.0,292,0
2026,regular,2,2025-11-10T00:00:00.000Z,Coaches Poll,169,Michigan State,Big Ten,17.0,288,0
2026,regular,2,2025-11-10T00:00:00.000Z,Coaches Poll,292,Tennessee,SEC,18.0,282,0
2026,regular,2,2025-11-10T00:00:00.000Z,Coaches Poll,102,Gonzaga,WCC,19.0,249,0
2026,regular,2,2025-11-10T00:00:00.000Z,Coaches Poll,200,North Carolina,ACC,20.0,225,0
2026,regular,2,2025-11-10T00:00:00.000Z,Coaches Poll,12,Arkansas,SEC,21.0,135,0
2026,regular,2,2025-11-10T00:00:00.000Z,Coaches Poll,355,Wisconsin,Big Ten,22.0,100,0
2026,regular,2,2025-11-10T00:00:00.000Z,Coaches Poll,61,Creighton,Big East,23.0,92,0
2026,regular,2,2025-11-10T00:00:00.000Z,Coaches Poll,131,Kansas,Big 12,24.0,82,0
2026,regular,2,2025-11-10T00:00:00.000Z,Coaches Poll,16,Auburn,SEC,25.0,48,0
2026,regular,2,2025-11-10T00:00:00.000Z,Coaches Poll,336,Vanderbilt,SEC,,31,0
2026,regular,2,2025-11-10T00:00:00.000Z,Coaches Poll,223,Oregon,Big Ten,,26,0
2026,regular,2,2025-11-10T00:00:00.000Z,Coaches Poll,20,Baylor,Big 12,,25,0
2026,regular,2,2025-11-10T00:00:00.000Z,Coaches Poll,121,Indiana,Big Ten,,24,0
2026,regular,2,2025-11-10T00:00:00.000Z,Coaches Poll,185,NC State,ACC,,23,0
2026,regular,2,2025-11-10T00:00:00.000Z,Coaches Poll,339,Virginia,ACC,,14,0
2026,regular,2,2025-11-10T00:00:00.000Z,Coaches Poll,257,San Diego State,Mountain West,,10,0
2026,regular,2,2025-11-10T00:00:00.000Z,Coaches Poll,220,Ole Miss,SEC,,8,0
2026,regular,2,2025-11-10T00:00:00.000Z,Coaches Poll,323,USC,Big Ten,,6,0
2026,regular,2,2025-11-10T00:00:00.000Z,Coaches Poll,52,Clemson,ACC,,5,0
2026,regular,2,2025-11-10T00:00:00.000Z,Coaches Poll,177,Missouri,SEC,,5,0
2026,regular,2,2025-11-10T00:00:00.000Z,Coaches Poll,97,Georgetown,Big East,,5,0
2026,regular,2,2025-11-10T00:00:00.000Z,Coaches Poll,253,Saint Mary's,WCC,,4,0
2026,regular,2,2025-11-10T00:00:00.000Z,Coaches Poll,98,Georgia,SEC,,4,0
2026,regular,2,2025-11-10T00:00:00.000Z,Coaches Poll,124,Iowa,Big Ten,,3,0
2026,regular,2,2025-11-10T00:00:00.000Z,Coaches Poll,216,Ohio State,Big Ten,,2,0
2026,regular,2,2025-11-10T00:00:00.000Z,Coaches Poll,132,Kansas State,Big 12,,1,0
2026,regular,2,2025-11-10T00:00:00.000Z,Coaches Poll,295,Texas,SEC,,1,0
2026,regular,3,2025-11-17T00:00:00.000Z,AP Top 25,236,Purdue,Big Ten,1.0,1502,44
2026,regular,3,2025-11-17T00:00:00.000Z,AP Top 25,113,Houston,Big 12,2.0,1457,12
2026,regular,3,2025-11-17T00:00:00.000Z,AP Top 25,314,UConn,Big East,3.0,1389,2
2026,regular,3,2025-11-17T00:00:00.000Z,AP Top 25,11,Arizona,Big 12,4.0,1314,2
2026,regular,3,2025-11-17T00:00:00.000Z,AP Top 25,72,Duke,ACC,5.0,1277,1
2026,regular,3,2025-11-17T00:00:00.000Z,AP Top 25,150,Louisville,ACC,6.0,1161,0
2026,regular,3,2025-11-17T00:00:00.000Z,AP Top 25,170,Michigan,Big Ten,7.0,1103,0
2026,regular,3,2025-11-17T00:00:00.000Z,AP Top 25,118,Illinois,Big Ten,8.0,1017,0
2026,regular,3,2025-11-17T00:00:00.000Z,AP Top 25,18,BYU,Big 12,9.0,972,0
2026,regular,3,2025-11-17T00:00:00.000Z,AP Top 25,87,Florida,SEC,10.0,949,0
2026,regular,3,2025-11-17T00:00:00.000Z,AP Top 25,5,Alabama,SEC,11.0,928,0
2026,regular,3,2025-11-17T00:00:00.000Z,AP Top 25,135,Kentucky,SEC,12.0,798,0
2026,regular,3,2025-11-17T00:00:00.000Z,AP Top 25,102,Gonzaga,WCC,13.0,772,0
2026,regular,3,2025-11-17T00:00:00.000Z,AP Top 25,279,St. John's,Big East,14.0,732,0
2026,regular,3,2025-11-17T00:00:00.000Z,AP Top 25,298,Texas Tech,Big 12,15.0,678,0
2026,regular,3,2025-11-17T00:00:00.000Z,AP Top 25,125,Iowa State,Big 12,16.0,664,0
2026,regular,3,2025-11-17T00:00:00.000Z,AP Top 25,169,Michigan State,Big Ten,17.0,585,0
2026,regular,3,2025-11-17T00:00:00.000Z,AP Top 25,200,North Carolina,ACC,18.0,516,0
2026,regular,3,2025-11-17T00:00:00.000Z,AP Top 25,313,UCLA,Big Ten,19.0,423,0
2026,regular,3,2025-11-17T00:00:00.000Z,AP Top 25,292,Tennessee,SEC,20.0,416,0
2026,regular,3,2025-11-17T00:00:00.000Z,AP Top 25,12,Arkansas,SEC,21.0,247,0
2026,regular,3,2025-11-17T00:00:00.000Z,AP Top 25,16,Auburn,SEC,22.0,188,0
2026,regular,3,2025-11-17T00:00:00.000Z,AP Top 25,355,Wisconsin,Big Ten,23.0,180,0
2026,regular,3,2025-11-17T00:00:00.000Z,AP Top 25,131,Kansas,Big 12,24.0,132,0
2026,regular,3,2025-11-17T00:00:00.000Z,AP Top 25,185,NC State,ACC,25.0,97,0
2026,regular,3,2025-11-17T00:00:00.000Z,AP Top 25,257,San Diego State,Mountain West,,71,0
2026,regular,3,2025-11-17T00:00:00.000Z,AP Top 25,121,Indiana,Big Ten,,65,0
2026,regular,3,2025-11-17T00:00:00.000Z,AP Top 25,336,Vanderbilt,SEC,,57,0
2026,regular,3,2025-11-17T00:00:00.000Z,AP Top 25,223,Oregon,Big Ten,,28,0
2026,regular,3,2025-11-17T00:00:00.000Z,AP Top 25,216,Ohio State,Big Ten,,21,0
2026,regular,3,2025-11-17T00:00:00.000Z,AP Top 25,97,Georgetown,Big East,,16,0
2026,regular,3,2025-11-17T00:00:00.000Z,AP Top 25,323,USC,Big Ten,,16,0
2026,regular,3,2025-11-17T00:00:00.000Z,AP Top 25,61,Creighton,Big East,,12,0
2026,regular,3,2025-11-17T00:00:00.000Z,AP Top 25,20,Baylor,Big 12,,11,0
2026,regular,3,2025-11-17T00:00:00.000Z,AP Top 25,253,Saint Mary's,WCC,,8,0
2026,regular,3,2025-11-17T00:00:00.000Z,AP Top 25,177,Missouri,SEC,,7,0
2026,regular,3,2025-11-17T00:00:00.000Z,AP Top 25,174,Mississippi State,SEC,,5,0
2026,regular,3,2025-11-17T00:00:00.000Z,AP Top 25,124,Iowa,Big Ten,,3,0
2026,regular,3,2025-11-17T00:00:00.000Z,AP Top 25,329,Utah State,Mountain West,,2,0
2026,regular,3,2025-11-17T00:00:00.000Z,AP Top 25,98,Georgia,SEC,,2,0
2026,regular,3,2025-11-17T00:00:00.000Z,AP Top 25,132,Kansas State,Big 12,,1,0
2026,regular,3,2025-11-17T00:00:00.000Z,AP Top 25,340,Virginia Tech,ACC,,1,0
2026,regular,3,2025-11-17T00:00:00.000Z,AP Top 25,339,Virginia,ACC,,1,0
2026,regular,3,2025-11-17T00:00:00.000Z,AP Top 25,281,Stanford,ACC,,1,0
2026,regular,3,2025-11-17T00:00:00.000Z,Coaches Poll,236,Purdue,Big Ten,1.0,760,20
2026,regular,3,2025-11-17T00:00:00.000Z,Coaches Poll,113,Houston,Big 12,2.0,747,9
2026,regular,3,2025-11-17T00:00:00.000Z,Coaches Poll,314,UConn,Big East,3.0,705,0
2026,regular,3,2025-11-17T00:00:00.000Z,Coaches Poll,72,Duke,ACC,4.0,677,2
2026,regular,3,2025-11-17T00:00:00.000Z,Coaches Poll,11,Arizona,Big 12,5.0,625,0
2026,regular,3,2025-11-17T00:00:00.000Z,Coaches Poll,170,Michigan,Big Ten,6.0,568,0
2026,regular,3,2025-11-17T00:00:00.000Z,Coaches Poll,150,Louisville,ACC,6.0,568,0
2026,regular,3,2025-11-17T00:00:00.000Z,Coaches Poll,118,Illinois,Big Ten,8.0,504,0
2026,regular,3,2025-11-17T00:00:00.000Z,Coaches Poll,87,Florida,SEC,9.0,494,0
2026,regular,3,2025-11-17T00:00:00.000Z,Coaches Poll,18,BYU,Big 12,10.0,440,0
2026,regular,3,2025-11-17T00:00:00.000Z,Coaches Poll,5,Alabama,SEC,11.0,404,0
2026,regular,3,2025-11-17T00:00:00.000Z,Coaches Poll,102,Gonzaga,WCC,12.0,402,0
2026,regular,3,2025-11-17T00:00:00.000Z,Coaches Poll,135,Kentucky,SEC,13.0,391,0
2026,regular,3,2025-11-17T00:00:00.000Z,Coaches Poll,125,Iowa State,Big 12,14.0,368,0
2026,regular,3,2025-11-17T00:00:00.000Z,Coaches Poll,298,Texas Tech,Big 12,15.0,353,0
2026,regular,3,2025-11-17T00:00:00.000Z,Coaches Poll,279,St. John's,Big East,16.0,349,0
2026,regular,3,2025-11-17T00:00:00.000Z,Coaches Poll,292,Tennessee,SEC,17.0,304,0
2026,regular,3,2025-11-17T00:00:00.000Z,Coaches Poll,169,Michigan State,Big Ten,18.0,303,0
2026,regular,3,2025-11-17T00:00:00.000Z,Coaches Poll,200,North Carolina,ACC,19.0,233,0
2026,regular,3,2025-11-17T00:00:00.000Z,Coaches Poll,313,UCLA,Big Ten,20.0,173,0
2026,regular,3,2025-11-17T00:00:00.000Z,Coaches Poll,355,Wisconsin,Big Ten,21.0,139,0
2026,regular,3,2025-11-17T00:00:00.000Z,Coaches Poll,12,Arkansas,SEC,22.0,115,0
2026,regular,3,2025-11-17T00:00:00.000Z,Coaches Poll,131,Kansas,Big 12,23.0,86,0
2026,regular,3,2025-11-17T00:00:00.000Z,Coaches Poll,336,Vanderbilt,SEC,24.0,64,0
2026,regular,3,2025-11-17T00:00:00.000Z,Coaches Poll,121,Indiana,Big Ten,25.0,48,0
2026,regular,3,2025-11-17T00:00:00.000Z,Coaches Poll,185,NC State,ACC,,42,0
2026,regular,3,2025-11-17T00:00:00.000Z,Coaches Poll,16,Auburn,SEC,,37,0
2026,regular,3,2025-11-17T00:00:00.000Z,Coaches Poll,253,Saint Mary's,WCC,,27,0
2026,regular,3,2025-11-17T00:00:00.000Z,Coaches Poll,174,Mississippi State,SEC,,22,0
2026,regular,3,2025-11-17T00:00:00.000Z,Coaches Poll,323,USC,Big Ten,,20,0
2026,regular,3,2025-11-17T00:00:00.000Z,Coaches Poll,257,San Diego State,Mountain West,,20,0
2026,regular,3,2025-11-17T00:00:00.000Z,Coaches Poll,223,Oregon,Big Ten,,19,0
2026,regular,3,2025-11-17T00:00:00.000Z,Coaches Poll,20,Baylor,Big 12,,16,0
2026,regular,3,2025-11-17T00:00:00.000Z,Coaches Poll,61,Creighton,Big East,,15,0
2026,regular,3,2025-11-17T00:00:00.000Z,Coaches Poll,339,Virginia,ACC,,14,0
2026,regular,3,2025-11-17T00:00:00.000Z,Coaches Poll,177,Missouri,SEC,,7,0
2026,regular,3,2025-11-17T00:00:00.000Z,Coaches Poll,97,Georgetown,Big East,,6,0
2026,regular,3,2025-11-17T00:00:00.000Z,Coaches Poll,124,Iowa,Big Ten,,5,0
2026,regular,3,2025-11-17T00:00:00.000Z,Coaches Poll,216,Ohio State,Big Ten,,4,0
2026,regular,3,2025-11-17T00:00:00.000Z,Coaches Poll,252,Saint Louis,A-10,,1,0
2026,regular,4,2025-11-24T00:00:00.000Z,AP Top 25,236,Purdue,Big Ten,1.0,1509,46
2026,regular,4,2025-11-24T00:00:00.000Z,AP Top 25,11,Arizona,Big 12,2.0,1439,11
2026,regular,4,2025-11-24T00:00:00.000Z,AP Top 25,113,Houston,Big 12,3.0,1425,4
2026,regular,4,2025-11-24T00:00:00.000Z,AP Top 25,72,Duke,ACC,4.0,1319,0
2026,regular,4,2025-11-24T00:00:00.000Z,AP Top 25,314,UConn,Big East,5.0,1208,0
2026,regular,4,2025-11-24T00:00:00.000Z,AP Top 25,150,Louisville,ACC,6.0,1201,0
2026,regular,4,2025-11-24T00:00:00.000Z,AP Top 25,170,Michigan,Big Ten,7.0,1080,0
2026,regular,4,2025-11-24T00:00:00.000Z,AP Top 25,5,Alabama,SEC,8.0,1070,0
2026,regular,4,2025-11-24T00:00:00.000Z,AP Top 25,18,BYU,Big 12,9.0,1033,0
2026,regular,4,2025-11-24T00:00:00.000Z,AP Top 25,87,Florida,SEC,10.0,961,0
2026,regular,4,2025-11-24T00:00:00.000Z,AP Top 25,169,Michigan State,Big Ten,11.0,879,0
2026,regular,4,2025-11-24T00:00:00.000Z,AP Top 25,102,Gonzaga,WCC,12.0,863,0
2026,regular,4,2025-11-24T00:00:00.000Z,AP Top 25,118,Illinois,Big Ten,13.0,830,0
2026,regular,4,2025-11-24T00:00:00.000Z,AP Top 25,279,St. John's,Big East,14.0,743,0
2026,regular,4,2025-11-24T00:00:00.000Z,AP Top 25,125,Iowa State,Big 12,15.0,706,0
2026,regular,4,2025-11-24T00:00:00.000Z,AP Top 25,200,North Carolina,ACC,16.0,595,0
2026,regular,4,2025-11-24T00:00:00.000Z,AP Top 25,292,Tennessee,SEC,17.0,495,0
2026,regular,4,2025-11-24T00:00:00.000Z,AP Top 25,313,UCLA,Big Ten,18.0,488,0
2026,regular,4,2025-11-24T00:00:00.000Z,AP Top 25,135,Kentucky,SEC,19.0,394,0
2026,regular,4,2025-11-24T00:00:00.000Z,AP Top 25,298,Texas Tech,Big 12,20.0,319,0
2026,regular,4,2025-11-24T00:00:00.000Z,AP Top 25,16,Auburn,SEC,21.0,269,0
2026,regular,4,2025-11-24T00:00:00.000Z,AP Top 25,12,Arkansas,SEC,22.0,260,0
2026,regular,4,2025-11-24T00:00:00.000Z,AP Top 25,185,NC State,ACC,23.0,214,0
2026,regular,4,2025-11-24T00:00:00.000Z,AP Top 25,336,Vanderbilt,SEC,24.0,111,0
2026,regular,4,2025-11-24T00:00:00.000Z,AP Top 25,121,Indiana,Big Ten,25.0,100,0
2026,regular,4,2025-11-24T00:00:00.000Z,AP Top 25,355,Wisconsin,Big Ten,,45,0
2026,regular,4,2025-11-24T00:00:00.000Z,AP Top 25,131,Kansas,Big 12,,34,0
2026,regular,4,2025-11-24T00:00:00.000Z,AP Top 25,223,Oregon,Big Ten,,31,0
2026,regular,4,2025-11-24T00:00:00.000Z,AP Top 25,97,Georgetown,Big East,,31,0
2026,regular,4,2025-11-24T00:00:00.000Z,AP Top 25,253,Saint Mary's,WCC,,27,0
2026,regular,4,2025-11-24T00:00:00.000Z,AP Top 25,188,Nebraska,Big Ten,,27,0
2026,regular,4,2025-11-24T00:00:00.000Z,AP Top 25,216,Ohio State,Big Ten,,26,0
2026,regular,4,2025-11-24T00:00:00.000Z,AP Top 25,177,Missouri,SEC,,20,0
2026,regular,4,2025-11-24T00:00:00.000Z,AP Top 25,329,Utah State,Mountain West,,16,0
2026,regular,4,2025-11-24T00:00:00.000Z,AP Top 25,20,Baylor,Big 12,,14,0
2026,regular,4,2025-11-24T00:00:00.000Z,AP Top 25,220,Ole Miss,SEC,,10,0
2026,regular,4,2025-11-24T00:00:00.000Z,AP Top 25,323,USC,Big Ten,,10,0
2026,regular,4,2025-11-24T00:00:00.000Z,AP Top 25,124,Iowa,Big Ten,,6,0
2026,regular,4,2025-11-24T00:00:00.000Z,AP Top 25,52,Clemson,ACC,,6,0
2026,regular,4,2025-11-24T00:00:00.000Z,AP Top 25,261,Santa Clara,WCC,,3,0
2026,regular,4,2025-11-24T00:00:00.000Z,AP Top 25,61,Creighton,Big East,,3,0
2026,regular,4,2025-11-24T00:00:00.000Z,AP Top 25,340,Virginia Tech,ACC,,2,0
2026,regular,4,2025-11-24T00:00:00.000Z,AP Top 25,218,Oklahoma State,Big 12,,2,0
2026,regular,4,2025-11-24T00:00:00.000Z,AP Top 25,33,Buffalo,MAC,,1,0
2026,regular,4,2025-11-24T00:00:00.000Z,Coaches Poll,236,Purdue,Big Ten,1.0,764,23
2026,regular,4,2025-11-24T00:00:00.000Z,Coaches Poll,113,Houston,Big 12,2.0,732,2
2026,regular,4,2025-11-24T00:00:00.000Z,Coaches Poll,11,Arizona,Big 12,3.0,713,5
2026,regular,4,2025-11-24T00:00:00.000Z,Coaches Poll,72,Duke,ACC,4.0,686,1
2026,regular,4,2025-11-24T00:00:00.000Z,Coaches Poll,150,Louisville,ACC,5.0,609,0
2026,regular,4,2025-11-24T00:00:00.000Z,Coaches Poll,170,Michigan,Big Ten,6.0,582,0
2026,regular,4,2025-11-24T00:00:00.000Z,Coaches Poll,314,UConn,Big East,7.0,568,0
2026,regular,4,2025-11-24T00:00:00.000Z,Coaches Poll,87,Florida,SEC,8.0,501,0
2026,regular,4,2025-11-24T00:00:00.000Z,Coaches Poll,5,Alabama,SEC,9.0,497,0
2026,regular,4,2025-11-24T00:00:00.000Z,Coaches Poll,102,Gonzaga,WCC,10.0,479,0
2026,regular,4,2025-11-24T00:00:00.000Z,Coaches Poll,18,BYU,Big 12,11.0,470,0
2026,regular,4,2025-11-24T00:00:00.000Z,Coaches Poll,169,Michigan State,Big Ten,12.0,438,0
2026,regular,4,2025-11-24T00:00:00.000Z,Coaches Poll,125,Iowa State,Big 12,13.0,403,0
2026,regular,4,2025-11-24T00:00:00.000Z,Coaches Poll,118,Illinois,Big Ten,14.0,391,0
2026,regular,4,2025-11-24T00:00:00.000Z,Coaches Poll,279,St. John's,Big East,15.0,349,0
2026,regular,4,2025-11-24T00:00:00.000Z,Coaches Poll,292,Tennessee,SEC,16.0,313,0
2026,regular,4,2025-11-24T00:00:00.000Z,Coaches Poll,200,North Carolina,ACC,17.0,276,0
2026,regular,4,2025-11-24T00:00:00.000Z,Coaches Poll,135,Kentucky,SEC,18.0,204,0
2026,regular,4,2025-11-24T00:00:00.000Z,Coaches Poll,313,UCLA,Big Ten,19.0,201,0
2026,regular,4,2025-11-24T00:00:00.000Z,Coaches Poll,298,Texas Tech,Big 12,20.0,177,0
2026,regular,4,2025-11-24T00:00:00.000Z,Coaches Poll,12,Arkansas,SEC,21.0,146,0
2026,regular,4,2025-11-24T00:00:00.000Z,Coaches Poll,185,NC State,ACC,22.0,94,0
2026,regular,4,2025-11-24T00:00:00.000Z,Coaches Poll,336,Vanderbilt,SEC,23.0,81,0
2026,regular,4,2025-11-24T00:00:00.000Z,Coaches Poll,121,Indiana,Big Ten,24.0,72,0
2026,regular,4,2025-11-24T00:00:00.000Z,Coaches Poll,16,Auburn,SEC,25.0,64,0
2026,regular,4,2025-11-24T00:00:00.000Z,Coaches Poll,355,Wisconsin,Big Ten,,51,0
2026,regular,4,2025-11-24T00:00:00.000Z,Coaches Poll,253,Saint Mary's,WCC,,30,0
2026,regular,4,2025-11-24T00:00:00.000Z,Coaches Poll,20,Baylor,Big 12,,27,0
2026,regular,4,2025-11-24T00:00:00.000Z,Coaches Poll,223,Oregon,Big Ten,,23,0
2026,regular,4,2025-11-24T00:00:00.000Z,Coaches Poll,97,Georgetown,Big East,,23,0
2026,regular,4,2025-11-24T00:00:00.000Z,Coaches Poll,131,Kansas,Big 12,,19,0
2026,regular,4,2025-11-24T00:00:00.000Z,Coaches Poll,220,Ole Miss,SEC,,15,0
2026,regular,4,2025-11-24T00:00:00.000Z,Coaches Poll,177,Missouri,SEC,,11,0
2026,regular,4,2025-11-24T00:00:00.000Z,Coaches Poll,323,USC,Big Ten,,11,0
2026,regular,4,2025-11-24T00:00:00.000Z,Coaches Poll,188,Nebraska,Big Ten,,9,0
2026,regular,4,2025-11-24T00:00:00.000Z,Coaches Poll,61,Creighton,Big East,,9,0
2026,regular,4,2025-11-24T00:00:00.000Z,Coaches Poll,339,Virginia,ACC,,8,0
2026,regular,4,2025-11-24T00:00:00.000Z,Coaches Poll,124,Iowa,Big Ten,,6,0
2026,regular,4,2025-11-24T00:00:00.000Z,Coaches Poll,329,Utah State,Mountain West,,6,0
2026,regular,4,2025-11-24T00:00:00.000Z,Coaches Poll,216,Ohio State,Big Ten,,6,0
2026,regular,4,2025-11-24T00:00:00.000Z,Coaches Poll,248,SMU,ACC,,4,0
2026,regular,4,2025-11-24T00:00:00.000Z,Coaches Poll,52,Clemson,ACC,,4,0
2026,regular,4,2025-11-24T00:00:00.000Z,Coaches Poll,252,Saint Louis,A-10,,2,0
2026,regular,4,2025-11-24T00:00:00.000Z,Coaches Poll,34,Butler,Big East,,1,0
2026,regular,5,2025-12-01T00:00:00.000Z,AP Top 25,236,Purdue,Big Ten,1.0,1494,40
2026,regular,5,2025-12-01T00:00:00.000Z,AP Top 25,11,Arizona,Big 12,2.0,1442,6
2026,regular,5,2025-12-01T00:00:00.000Z,AP Top 25,170,Michigan,Big Ten,3.0,1417,15
2026,regular,5,2025-12-01T00:00:00.000Z,AP Top 25,72,Duke,ACC,4.0,1355,0
2026,regular,5,2025-12-01T00:00:00.000Z,AP Top 25,314,UConn,Big East,5.0,1244,0
2026,regular,5,2025-12-01T00:00:00.000Z,AP Top 25,150,Louisville,ACC,6.0,1177,0
2026,regular,5,2025-12-01T00:00:00.000Z,AP Top 25,169,Michigan State,Big Ten,7.0,1095,0
2026,regular,5,2025-12-01T00:00:00.000Z,AP Top 25,113,Houston,Big 12,8.0,1070,0
2026,regular,5,2025-12-01T00:00:00.000Z,AP Top 25,18,BYU,Big 12,9.0,1037,0
2026,regular,5,2025-12-01T00:00:00.000Z,AP Top 25,125,Iowa State,Big 12,10.0,975,0
2026,regular,5,2025-12-01T00:00:00.000Z,AP Top 25,102,Gonzaga,WCC,11.0,934,0
2026,regular,5,2025-12-01T00:00:00.000Z,AP Top 25,5,Alabama,SEC,12.0,869,0
2026,regular,5,2025-12-01T00:00:00.000Z,AP Top 25,292,Tennessee,SEC,13.0,771,0
2026,regular,5,2025-12-01T00:00:00.000Z,AP Top 25,118,Illinois,Big Ten,14.0,657,0
2026,regular,5,2025-12-01T00:00:00.000Z,AP Top 25,87,Florida,SEC,15.0,568,0
2026,regular,5,2025-12-01T00:00:00.000Z,AP Top 25,200,North Carolina,ACC,16.0,519,0
2026,regular,5,2025-12-01T00:00:00.000Z,AP Top 25,336,Vanderbilt,SEC,17.0,475,0
2026,regular,5,2025-12-01T00:00:00.000Z,AP Top 25,135,Kentucky,SEC,18.0,451,0
2026,regular,5,2025-12-01T00:00:00.000Z,AP Top 25,298,Texas Tech,Big 12,19.0,387,0
2026,regular,5,2025-12-01T00:00:00.000Z,AP Top 25,16,Auburn,SEC,20.0,376,0
2026,regular,5,2025-12-01T00:00:00.000Z,AP Top 25,131,Kansas,Big 12,21.0,340,0
2026,regular,5,2025-12-01T00:00:00.000Z,AP Top 25,121,Indiana,Big Ten,22.0,313,0
2026,regular,5,2025-12-01T00:00:00.000Z,AP Top 25,279,St. John's,Big East,23.0,200,0
2026,regular,5,2025-12-01T00:00:00.000Z,AP Top 25,323,USC,Big Ten,24.0,145,0
2026,regular,5,2025-12-01T00:00:00.000Z,AP Top 25,12,Arkansas,SEC,25.0,127,0
2026,regular,5,2025-12-01T00:00:00.000Z,AP Top 25,124,Iowa,Big Ten,,99,0
2026,regular,5,2025-12-01T00:00:00.000Z,AP Top 25,313,UCLA,Big Ten,,59,0
2026,regular,5,2025-12-01T00:00:00.000Z,AP Top 25,188,Nebraska,Big Ten,,52,0
2026,regular,5,2025-12-01T00:00:00.000Z,AP Top 25,287,TCU,Big 12,,35,0
2026,regular,5,2025-12-01T00:00:00.000Z,AP Top 25,177,Missouri,SEC,,28,0
2026,regular,5,2025-12-01T00:00:00.000Z,AP Top 25,329,Utah State,Mountain West,,16,0
2026,regular,5,2025-12-01T00:00:00.000Z,AP Top 25,253,Saint Mary's,WCC,,15,0
2026,regular,5,2025-12-01T00:00:00.000Z,AP Top 25,20,Baylor,Big 12,,13,0
2026,regular,5,2025-12-01T00:00:00.000Z,AP Top 25,248,SMU,ACC,,12,0
2026,regular,5,2025-12-01T00:00:00.000Z,AP Top 25,218,Oklahoma State,Big 12,,12,0
2026,regular,5,2025-12-01T00:00:00.000Z,AP Top 25,52,Clemson,ACC,,10,0
2026,regular,5,2025-12-01T00:00:00.000Z,AP Top 25,136,LSU,SEC,,7,0
2026,regular,5,2025-12-01T00:00:00.000Z,AP Top 25,263,Seton Hall,Big East,,6,0
2026,regular,5,2025-12-01T00:00:00.000Z,AP Top 25,355,Wisconsin,Big Ten,,6,0
2026,regular,5,2025-12-01T00:00:00.000Z,AP Top 25,185,NC State,ACC,,5,0
2026,regular,5,2025-12-01T00:00:00.000Z,AP Top 25,342,Wake Forest,ACC,,3,0
2026,regular,5,2025-12-01T00:00:00.000Z,AP Top 25,40,California,ACC,,2,0
2026,regular,5,2025-12-01T00:00:00.000Z,AP Top 25,95,George Mason,A-10,,1,0
2026,regular,5,2025-12-01T00:00:00.000Z,AP Top 25,33,Buffalo,MAC,,1,0
2026,regular,5,2025-12-01T00:00:00.000Z,AP Top 25,56,Colorado,Big 12,,1,0
2026,regular,5,2025-12-01T00:00:00.000Z,Coaches Poll,236,Purdue,Big Ten,1.0,762,21
2026,regular,5,2025-12-01T00:00:00.000Z,Coaches Poll,170,Michigan,Big Ten,2.0,721,6
2026,regular,5,2025-12-01T00:00:00.000Z,Coaches Poll,11,Arizona,Big 12,3.0,709,3
2026,regular,5,2025-12-01T00:00:00.000Z,Coaches Poll,72,Duke,ACC,4.0,696,1
2026,regular,5,2025-12-01T00:00:00.000Z,Coaches Poll,314,UConn,Big East,5.0,608,0
2026,regular,5,2025-12-01T00:00:00.000Z,Coaches Poll,150,Louisville,ACC,6.0,600,0
2026,regular,5,2025-12-01T00:00:00.000Z,Coaches Poll,113,Houston,Big 12,7.0,588,0
2026,regular,5,2025-12-01T00:00:00.000Z,Coaches Poll,169,Michigan State,Big Ten,8.0,531,0
2026,regular,5,2025-12-01T00:00:00.000Z,Coaches Poll,125,Iowa State,Big 12,9.0,502,0
2026,regular,5,2025-12-01T00:00:00.000Z,Coaches Poll,18,BYU,Big 12,10.0,493,0
2026,regular,5,2025-12-01T00:00:00.000Z,Coaches Poll,102,Gonzaga,WCC,11.0,480,0
2026,regular,5,2025-12-01T00:00:00.000Z,Coaches Poll,5,Alabama,SEC,12.0,428,0
2026,regular,5,2025-12-01T00:00:00.000Z,Coaches Poll,292,Tennessee,SEC,13.0,377,0
2026,regular,5,2025-12-01T00:00:00.000Z,Coaches Poll,87,Florida,SEC,14.0,313,0
2026,regular,5,2025-12-01T00:00:00.000Z,Coaches Poll,118,Illinois,Big Ten,15.0,312,0
2026,regular,5,2025-12-01T00:00:00.000Z,Coaches Poll,336,Vanderbilt,SEC,16.0,268,0
2026,regular,5,2025-12-01T00:00:00.000Z,Coaches Poll,200,North Carolina,ACC,17.0,230,0
2026,regular,5,2025-12-01T00:00:00.000Z,Coaches Poll,135,Kentucky,SEC,18.0,222,0
2026,regular,5,2025-12-01T00:00:00.000Z,Coaches Poll,298,Texas Tech,Big 12,19.0,192,0
2026,regular,5,2025-12-01T00:00:00.000Z,Coaches Poll,121,Indiana,Big Ten,19.0,192,0
2026,regular,5,2025-12-01T00:00:00.000Z,Coaches Poll,131,Kansas,Big 12,21.0,154,0
2026,regular,5,2025-12-01T00:00:00.000Z,Coaches Poll,279,St. John's,Big East,22.0,129,0
2026,regular,5,2025-12-01T00:00:00.000Z,Coaches Poll,12,Arkansas,SEC,23.0,119,0
2026,regular,5,2025-12-01T00:00:00.000Z,Coaches Poll,16,Auburn,SEC,24.0,104,0
2026,regular,5,2025-12-01T00:00:00.000Z,Coaches Poll,124,Iowa,Big Ten,25.0,69,0
2026,regular,5,2025-12-01T00:00:00.000Z,Coaches Poll,323,USC,Big Ten,,56,0
2026,regular,5,2025-12-01T00:00:00.000Z,Coaches Poll,313,UCLA,Big Ten,,33,0
2026,regular,5,2025-12-01T00:00:00.000Z,Coaches Poll,188,Nebraska,Big Ten,,31,0
2026,regular,5,2025-12-01T00:00:00.000Z,Coaches Poll,177,Missouri,SEC,,28,0
2026,regular,5,2025-12-01T00:00:00.000Z,Coaches Poll,253,Saint Mary's,WCC,,20,0
2026,regular,5,2025-12-01T00:00:00.000Z,Coaches Poll,20,Baylor,Big 12,,19,0
2026,regular,5,2025-12-01T00:00:00.000Z,Coaches Poll,185,NC State,ACC,,16,0
2026,regular,5,2025-12-01T00:00:00.000Z,Coaches Poll,339,Virginia,ACC,,14,0
2026,regular,5,2025-12-01T00:00:00.000Z,Coaches Poll,136,LSU,SEC,,14,0
2026,regular,5,2025-12-01T00:00:00.000Z,Coaches Poll,34,Butler,Big East,,9,0
2026,regular,5,2025-12-01T00:00:00.000Z,Coaches Poll,52,Clemson,ACC,,9,0
2026,regular,5,2025-12-01T00:00:00.000Z,Coaches Poll,220,Ole Miss,SEC,,8,0
2026,regular,5,2025-12-01T00:00:00.000Z,Coaches Poll,287,TCU,Big 12,,5,0
2026,regular,5,2025-12-01T00:00:00.000Z,Coaches Poll,248,SMU,ACC,,4,0
2026,regular,5,2025-12-01T00:00:00.000Z,Coaches Poll,329,Utah State,Mountain West,,4,0
2026,regular,5,2025-12-01T00:00:00.000Z,Coaches Poll,355,Wisconsin,Big Ten,,4,0
2026,regular,5,2025-12-01T00:00:00.000Z,Coaches Poll,218,Oklahoma State,Big 12,,1,0
2026,regular,5,2025-12-01T00:00:00.000Z,Coaches Poll,56,Colorado,Big 12,,1,0
2026,regular,6,2025-12-08T00:00:00.000Z,AP Top 25,11,Arizona,Big 12,1.0,1461,33
2026,regular,6,2025-12-08T00:00:00.000Z,AP Top 25,170,Michigan,Big Ten,2.0,1440,19
2026,regular,6,2025-12-08T00:00:00.000Z,AP Top 25,72,Duke,ACC,3.0,1400,7
2026,regular,6,2025-12-08T00:00:00.000Z,AP Top 25,125,Iowa State,Big 12,4.0,1304,1
2026,regular,6,2025-12-08T00:00:00.000Z,AP Top 25,314,UConn,Big East,5.0,1263,0
2026,regular,6,2025-12-08T00:00:00.000Z,AP Top 25,236,Purdue,Big Ten,6.0,1173,0
2026,regular,6,2025-12-08T00:00:00.000Z,AP Top 25,113,Houston,Big 12,7.0,1064,0
2026,regular,6,2025-12-08T00:00:00.000Z,AP Top 25,102,Gonzaga,WCC,8.0,1054,0
2026,regular,6,2025-12-08T00:00:00.000Z,AP Top 25,169,Michigan State,Big Ten,9.0,1017,0
2026,regular,6,2025-12-08T00:00:00.000Z,AP Top 25,18,BYU,Big 12,10.0,1007,0
2026,regular,6,2025-12-08T00:00:00.000Z,AP Top 25,150,Louisville,ACC,11.0,877,0
2026,regular,6,2025-12-08T00:00:00.000Z,AP Top 25,5,Alabama,SEC,12.0,854,0
2026,regular,6,2025-12-08T00:00:00.000Z,AP Top 25,118,Illinois,Big Ten,13.0,771,0
2026,regular,6,2025-12-08T00:00:00.000Z,AP Top 25,200,North Carolina,ACC,14.0,724,0
2026,regular,6,2025-12-08T00:00:00.000Z,AP Top 25,336,Vanderbilt,SEC,15.0,686,0
2026,regular,6,2025-12-08T00:00:00.000Z,AP Top 25,298,Texas Tech,Big 12,16.0,508,0
2026,regular,6,2025-12-08T00:00:00.000Z,AP Top 25,12,Arkansas,SEC,17.0,488,0
2026,regular,6,2025-12-08T00:00:00.000Z,AP Top 25,87,Florida,SEC,18.0,422,0
2026,regular,6,2025-12-08T00:00:00.000Z,AP Top 25,131,Kansas,Big 12,19.0,380,0
2026,regular,6,2025-12-08T00:00:00.000Z,AP Top 25,292,Tennessee,SEC,20.0,286,0
2026,regular,6,2025-12-08T00:00:00.000Z,AP Top 25,16,Auburn,SEC,21.0,264,0
2026,regular,6,2025-12-08T00:00:00.000Z,AP Top 25,279,St. John's,Big East,22.0,254,0
2026,regular,6,2025-12-08T00:00:00.000Z,AP Top 25,188,Nebraska,Big Ten,23.0,180,0
2026,regular,6,2025-12-08T00:00:00.000Z,AP Top 25,339,Virginia,ACC,24.0,130,0
2026,regular,6,2025-12-08T00:00:00.000Z,AP Top 25,313,UCLA,Big Ten,25.0,79,0
2026,regular,6,2025-12-08T00:00:00.000Z,AP Top 25,124,Iowa,Big Ten,,60,0
2026,regular,6,2025-12-08T00:00:00.000Z,AP Top 25,218,Oklahoma State,Big 12,,54,0
2026,regular,6,2025-12-08T00:00:00.000Z,AP Top 25,323,USC,Big Ten,,50,0
2026,regular,6,2025-12-08T00:00:00.000Z,AP Top 25,98,Georgia,SEC,,49,0
2026,regular,6,2025-12-08T00:00:00.000Z,AP Top 25,253,Saint Mary's,WCC,,38,0
2026,regular,6,2025-12-08T00:00:00.000Z,AP Top 25,263,Seton Hall,Big East,,31,0
2026,regular,6,2025-12-08T00:00:00.000Z,AP Top 25,135,Kentucky,SEC,,29,0
2026,regular,6,2025-12-08T00:00:00.000Z,AP Top 25,355,Wisconsin,Big Ten,,24,0
2026,regular,6,2025-12-08T00:00:00.000Z,AP Top 25,121,Indiana,Big Ten,,18,0
2026,regular,6,2025-12-08T00:00:00.000Z,AP Top 25,52,Clemson,ACC,,14,0
2026,regular,6,2025-12-08T00:00:00.000Z,AP Top 25,136,LSU,SEC,,14,0
2026,regular,6,2025-12-08T00:00:00.000Z,AP Top 25,338,Villanova,Big East,,9,0
2026,regular,6,2025-12-08T00:00:00.000Z,AP Top 25,40,California,ACC,,6,0
2026,regular,6,2025-12-08T00:00:00.000Z,AP Top 25,168,Miami,ACC,,4,0
2026,regular,6,2025-12-08T00:00:00.000Z,AP Top 25,213,Notre Dame,ACC,,4,0
2026,regular,6,2025-12-08T00:00:00.000Z,AP Top 25,248,SMU,ACC,,3,0
2026,regular,6,2025-12-08T00:00:00.000Z,AP Top 25,287,TCU,Big 12,,2,0
2026,regular,6,2025-12-08T00:00:00.000Z,AP Top 25,167,Miami (OH),MAC,,2,0
2026,regular,6,2025-12-08T00:00:00.000Z,AP Top 25,10,Arizona State,Big 12,,2,0
2026,regular,6,2025-12-08T00:00:00.000Z,AP Top 25,277,St. Bonaventure,A-10,,1,0
2026,regular,6,2025-12-08T00:00:00.000Z,Coaches Poll,170,Michigan,Big Ten,1.0,755,17
2026,regular,6,2025-12-08T00:00:00.000Z,Coaches Poll,11,Arizona,Big 12,2.0,742,11
2026,regular,6,2025-12-08T00:00:00.000Z,Coaches Poll,72,Duke,ACC,3.0,723,2
2026,regular,6,2025-12-08T00:00:00.000Z,Coaches Poll,125,Iowa State,Big 12,4.0,651,1
2026,regular,6,2025-12-08T00:00:00.000Z,Coaches Poll,314,UConn,Big East,5.0,628,0
2026,regular,6,2025-12-08T00:00:00.000Z,Coaches Poll,236,Purdue,Big Ten,6.0,617,0
2026,regular,6,2025-12-08T00:00:00.000Z,Coaches Poll,102,Gonzaga,WCC,7.0,565,0
2026,regular,6,2025-12-08T00:00:00.000Z,Coaches Poll,113,Houston,Big 12,8.0,547,0
2026,regular,6,2025-12-08T00:00:00.000Z,Coaches Poll,169,Michigan State,Big Ten,9.0,517,0
2026,regular,6,2025-12-08T00:00:00.000Z,Coaches Poll,18,BYU,Big 12,10.0,507,0
2026,regular,6,2025-12-08T00:00:00.000Z,Coaches Poll,150,Louisville,ACC,11.0,456,0
2026,regular,6,2025-12-08T00:00:00.000Z,Coaches Poll,5,Alabama,SEC,12.0,436,0
2026,regular,6,2025-12-08T00:00:00.000Z,Coaches Poll,118,Illinois,Big Ten,13.0,371,0
2026,regular,6,2025-12-08T00:00:00.000Z,Coaches Poll,336,Vanderbilt,SEC,14.0,365,0
2026,regular,6,2025-12-08T00:00:00.000Z,Coaches Poll,200,North Carolina,ACC,15.0,341,0
2026,regular,6,2025-12-08T00:00:00.000Z,Coaches Poll,298,Texas Tech,Big 12,16.0,277,0
2026,regular,6,2025-12-08T00:00:00.000Z,Coaches Poll,12,Arkansas,SEC,17.0,245,0
2026,regular,6,2025-12-08T00:00:00.000Z,Coaches Poll,87,Florida,SEC,18.0,213,0
2026,regular,6,2025-12-08T00:00:00.000Z,Coaches Poll,131,Kansas,Big 12,19.0,208,0
2026,regular,6,2025-12-08T00:00:00.000Z,Coaches Poll,292,Tennessee,SEC,20.0,170,0
2026,regular,6,2025-12-08T00:00:00.000Z,Coaches Poll,279,St. John's,Big East,21.0,138,0
2026,regular,6,2025-12-08T00:00:00.000Z,Coaches Poll,188,Nebraska,Big Ten,22.0,114,0
2026,regular,6,2025-12-08T00:00:00.000Z,Coaches Poll,124,Iowa,Big Ten,23.0,77,0
2026,regular,6,2025-12-08T00:00:00.000Z,Coaches Poll,16,Auburn,SEC,24.0,76,0
2026,regular,6,2025-12-08T00:00:00.000Z,Coaches Poll,339,Virginia,ACC,25.0,67,0
2026,regular,6,2025-12-08T00:00:00.000Z,Coaches Poll,253,Saint Mary's,WCC,,52,0
2026,regular,6,2025-12-08T00:00:00.000Z,Coaches Poll,313,UCLA,Big Ten,,35,0
2026,regular,6,2025-12-08T00:00:00.000Z,Coaches Poll,218,Oklahoma State,Big 12,,33,0
2026,regular,6,2025-12-08T00:00:00.000Z,Coaches Poll,355,Wisconsin,Big Ten,,32,0
2026,regular,6,2025-12-08T00:00:00.000Z,Coaches Poll,323,USC,Big Ten,,20,0
2026,regular,6,2025-12-08T00:00:00.000Z,Coaches Poll,263,Seton Hall,Big East,,16,0
2026,regular,6,2025-12-08T00:00:00.000Z,Coaches Poll,121,Indiana,Big Ten,,16,0
2026,regular,6,2025-12-08T00:00:00.000Z,Coaches Poll,135,Kentucky,SEC,,14,0
2026,regular,6,2025-12-08T00:00:00.000Z,Coaches Poll,248,SMU,ACC,,11,0
2026,regular,6,2025-12-08T00:00:00.000Z,Coaches Poll,52,Clemson,ACC,,7,0
2026,regular,6,2025-12-08T00:00:00.000Z,Coaches Poll,177,Missouri,SEC,,7,0
2026,regular,6,2025-12-08T00:00:00.000Z,Coaches Poll,216,Ohio State,Big Ten,,6,0
2026,regular,6,2025-12-08T00:00:00.000Z,Coaches Poll,98,Georgia,SEC,,5,0
2026,regular,6,2025-12-08T00:00:00.000Z,Coaches Poll,168,Miami,ACC,,4,0
2026,regular,6,2025-12-08T00:00:00.000Z,Coaches Poll,136,LSU,SEC,,4,0
2026,regular,6,2025-12-08T00:00:00.000Z,Coaches Poll,329,Utah State,Mountain West,,3,0
2026,regular,6,2025-12-08T00:00:00.000Z,Coaches Poll,360,Yale,Ivy,,2,0
2026,regular,6,2025-12-08T00:00:00.000Z,Coaches Poll,20,Baylor,Big 12,,1,0
2026,regular,6,2025-12-08T00:00:00.000Z,Coaches Poll,40,California,ACC,,1,0
2026,regular,7,2025-12-15T00:00:00.000Z,AP Top 25,11,Arizona,Big 12,1.0,1500,42
2026,regular,7,2025-12-15T00:00:00.000Z,AP Top 25,170,Michigan,Big Ten,2.0,1470,15
2026,regular,7,2025-12-15T00:00:00.000Z,AP Top 25,72,Duke,ACC,3.0,1406,3
2026,regular,7,2025-12-15T00:00:00.000Z,AP Top 25,125,Iowa State,Big 12,4.0,1336,1
2026,regular,7,2025-12-15T00:00:00.000Z,AP Top 25,314,UConn,Big East,5.0,1286,0
2026,regular,7,2025-12-15T00:00:00.000Z,AP Top 25,236,Purdue,Big Ten,6.0,1195,0
2026,regular,7,2025-12-15T00:00:00.000Z,AP Top 25,102,Gonzaga,WCC,7.0,1109,0
2026,regular,7,2025-12-15T00:00:00.000Z,AP Top 25,113,Houston,Big 12,8.0,1079,0
2026,regular,7,2025-12-15T00:00:00.000Z,AP Top 25,169,Michigan State,Big Ten,9.0,1037,0
2026,regular,7,2025-12-15T00:00:00.000Z,AP Top 25,18,BYU,Big 12,10.0,1017,0
2026,regular,7,2025-12-15T00:00:00.000Z,AP Top 25,150,Louisville,ACC,11.0,921,0
2026,regular,7,2025-12-15T00:00:00.000Z,AP Top 25,200,North Carolina,ACC,12.0,794,0
2026,regular,7,2025-12-15T00:00:00.000Z,AP Top 25,336,Vanderbilt,SEC,13.0,766,0
2026,regular,7,2025-12-15T00:00:00.000Z,AP Top 25,12,Arkansas,SEC,14.0,726,0
2026,regular,7,2025-12-15T00:00:00.000Z,AP Top 25,188,Nebraska,Big Ten,15.0,655,0
2026,regular,7,2025-12-15T00:00:00.000Z,AP Top 25,5,Alabama,SEC,16.0,644,0
2026,regular,7,2025-12-15T00:00:00.000Z,AP Top 25,131,Kansas,Big 12,17.0,502,0
2026,regular,7,2025-12-15T00:00:00.000Z,AP Top 25,118,Illinois,Big Ten,18.0,483,0
2026,regular,7,2025-12-15T00:00:00.000Z,AP Top 25,298,Texas Tech,Big 12,19.0,314,0
2026,regular,7,2025-12-15T00:00:00.000Z,AP Top 25,292,Tennessee,SEC,20.0,286,0
2026,regular,7,2025-12-15T00:00:00.000Z,AP Top 25,16,Auburn,SEC,21.0,283,0
2026,regular,7,2025-12-15T00:00:00.000Z,AP Top 25,279,St. John's,Big East,22.0,250,0
2026,regular,7,2025-12-15T00:00:00.000Z,AP Top 25,339,Virginia,ACC,23.0,200,0
2026,regular,7,2025-12-15T00:00:00.000Z,AP Top 25,87,Florida,SEC,23.0,200,0
2026,regular,7,2025-12-15T00:00:00.000Z,AP Top 25,98,Georgia,SEC,25.0,82,0
2026,regular,7,2025-12-15T00:00:00.000Z,AP Top 25,323,USC,Big Ten,,68,0
2026,regular,7,2025-12-15T00:00:00.000Z,AP Top 25,124,Iowa,Big Ten,,47,0
2026,regular,7,2025-12-15T00:00:00.000Z,AP Top 25,263,Seton Hall,Big East,,46,0
2026,regular,7,2025-12-15T00:00:00.000Z,AP Top 25,136,LSU,SEC,,19,0
2026,regular,7,2025-12-15T00:00:00.000Z,AP Top 25,135,Kentucky,SEC,,19,0
2026,regular,7,2025-12-15T00:00:00.000Z,AP Top 25,313,UCLA,Big Ten,,16,0
2026,regular,7,2025-12-15T00:00:00.000Z,AP Top 25,52,Clemson,ACC,,14,0
2026,regular,7,2025-12-15T00:00:00.000Z,AP Top 25,40,California,ACC,,13,0
2026,regular,7,2025-12-15T00:00:00.000Z,AP Top 25,253,Saint Mary's,WCC,,12,0
2026,regular,7,2025-12-15T00:00:00.000Z,AP Top 25,338,Villanova,Big East,,5,0
2026,regular,7,2025-12-15T00:00:00.000Z,AP Top 25,10,Arizona State,Big 12,,5,0
2026,regular,7,2025-12-15T00:00:00.000Z,AP Top 25,168,Miami,ACC,,4,0
2026,regular,7,2025-12-15T00:00:00.000Z,AP Top 25,167,Miami (OH),MAC,,4,0
2026,regular,7,2025-12-15T00:00:00.000Z,AP Top 25,213,Notre Dame,ACC,,4,0
2026,regular,7,2025-12-15T00:00:00.000Z,AP Top 25,121,Indiana,Big Ten,,4,0
2026,regular,7,2025-12-15T00:00:00.000Z,AP Top 25,329,Utah State,Mountain West,,2,0
2026,regular,7,2025-12-15T00:00:00.000Z,AP Top 25,355,Wisconsin,Big Ten,,1,0
2026,regular,7,2025-12-15T00:00:00.000Z,AP Top 25,252,Saint Louis,A-10,,1,0
2026,regular,7,2025-12-15T00:00:00.000Z,Coaches Poll,170,Michigan,Big Ten,1.0,759,16
2026,regular,7,2025-12-15T00:00:00.000Z,Coaches Poll,11,Arizona,Big 12,2.0,755,14
2026,regular,7,2025-12-15T00:00:00.000Z,Coaches Poll,72,Duke,ACC,3.0,714,1
2026,regular,7,2025-12-15T00:00:00.000Z,Coaches Poll,125,Iowa State,Big 12,4.0,659,0
2026,regular,7,2025-12-15T00:00:00.000Z,Coaches Poll,314,UConn,Big East,5.0,641,0
2026,regular,7,2025-12-15T00:00:00.000Z,Coaches Poll,236,Purdue,Big Ten,6.0,600,0
2026,regular,7,2025-12-15T00:00:00.000Z,Coaches Poll,102,Gonzaga,WCC,7.0,574,0
2026,regular,7,2025-12-15T00:00:00.000Z,Coaches Poll,113,Houston,Big 12,8.0,551,0
2026,regular,7,2025-12-15T00:00:00.000Z,Coaches Poll,169,Michigan State,Big Ten,9.0,521,0
2026,regular,7,2025-12-15T00:00:00.000Z,Coaches Poll,18,BYU,Big 12,10.0,511,0
2026,regular,7,2025-12-15T00:00:00.000Z,Coaches Poll,150,Louisville,ACC,11.0,473,0
2026,regular,7,2025-12-15T00:00:00.000Z,Coaches Poll,336,Vanderbilt,SEC,12.0,390,0
2026,regular,7,2025-12-15T00:00:00.000Z,Coaches Poll,200,North Carolina,ACC,13.0,362,0
2026,regular,7,2025-12-15T00:00:00.000Z,Coaches Poll,12,Arkansas,SEC,14.0,347,0
2026,regular,7,2025-12-15T00:00:00.000Z,Coaches Poll,188,Nebraska,Big Ten,15.0,321,0
2026,regular,7,2025-12-15T00:00:00.000Z,Coaches Poll,5,Alabama,SEC,16.0,306,0
2026,regular,7,2025-12-15T00:00:00.000Z,Coaches Poll,131,Kansas,Big 12,17.0,267,0
2026,regular,7,2025-12-15T00:00:00.000Z,Coaches Poll,118,Illinois,Big Ten,18.0,232,0
2026,regular,7,2025-12-15T00:00:00.000Z,Coaches Poll,298,Texas Tech,Big 12,19.0,175,0
2026,regular,7,2025-12-15T00:00:00.000Z,Coaches Poll,279,St. John's,Big East,20.0,155,0
2026,regular,7,2025-12-15T00:00:00.000Z,Coaches Poll,87,Florida,SEC,21.0,140,0
2026,regular,7,2025-12-15T00:00:00.000Z,Coaches Poll,339,Virginia,ACC,22.0,134,0
2026,regular,7,2025-12-15T00:00:00.000Z,Coaches Poll,292,Tennessee,SEC,23.0,129,0
2026,regular,7,2025-12-15T00:00:00.000Z,Coaches Poll,16,Auburn,SEC,24.0,112,0
2026,regular,7,2025-12-15T00:00:00.000Z,Coaches Poll,124,Iowa,Big Ten,25.0,71,0
2026,regular,7,2025-12-15T00:00:00.000Z,Coaches Poll,98,Georgia,SEC,,43,0
2026,regular,7,2025-12-15T00:00:00.000Z,Coaches Poll,323,USC,Big Ten,,32,0
2026,regular,7,2025-12-15T00:00:00.000Z,Coaches Poll,313,UCLA,Big Ten,,13,0
2026,regular,7,2025-12-15T00:00:00.000Z,Coaches Poll,263,Seton Hall,Big East,,12,0
2026,regular,7,2025-12-15T00:00:00.000Z,Coaches Poll,248,SMU,ACC,,9,0
2026,regular,7,2025-12-15T00:00:00.000Z,Coaches Poll,135,Kentucky,SEC,,9,0
2026,regular,7,2025-12-15T00:00:00.000Z,Coaches Poll,329,Utah State,Mountain West,,8,0
2026,regular,7,2025-12-15T00:00:00.000Z,Coaches Poll,253,Saint Mary's,WCC,,6,0
2026,regular,7,2025-12-15T00:00:00.000Z,Coaches Poll,218,Oklahoma State,Big 12,,6,0
2026,regular,7,2025-12-15T00:00:00.000Z,Coaches Poll,252,Saint Louis,A-10,,6,0
2026,regular,7,2025-12-15T00:00:00.000Z,Coaches Poll,136,LSU,SEC,,6,0
2026,regular,7,2025-12-15T00:00:00.000Z,Coaches Poll,56,Colorado,Big 12,,6,0
2026,regular,7,2025-12-15T00:00:00.000Z,Coaches Poll,360,Yale,Ivy,,5,0
2026,regular,7,2025-12-15T00:00:00.000Z,Coaches Poll,355,Wisconsin,Big Ten,,4,0
2026,regular,7,2025-12-15T00:00:00.000Z,Coaches Poll,340,Virginia Tech,ACC,,4,0
2026,regular,7,2025-12-15T00:00:00.000Z,Coaches Poll,52,Clemson,ACC,,2,0
2026,regular,7,2025-12-15T00:00:00.000Z,Coaches Poll,216,Ohio State,Big Ten,,2,0
2026,regular,7,2025-12-15T00:00:00.000Z,Coaches Poll,177,Missouri,SEC,,2,0
2026,regular,7,2025-12-15T00:00:00.000Z,Coaches Poll,185,NC State,ACC,,1,0
