season,week,season_type,start_date,home_team,away_team,venue,home_conference,away_conference,game_id
2020,1,regular,2020-08-30T01:00:00.000Z,Central Arkansas,Austin Peay,Cramton Bowl,Southland,OVC,401218616
2020,1,regular,2020-09-04T00:00:00.000Z,UAB,Central Arkansas,Legion Field,Conference USA,Southland,401238035
2020,1,regular,2020-09-04T01:00:00.000Z,Southern Miss,South Alabama,M. M. Roberts Stadium,Conference USA,Sun Belt,401207101
2020,1,regular,2020-09-05T17:00:00.000Z,Marshall,Eastern Kentucky,Joan C. Edwards Stadium,Conference USA,OVC,401237353
2020,1,regular,2020-09-05T17:30:00.000Z,Army,Middle Tennessee,Michie Stadium,FBS Independents,Conference USA,401235700
2020,1,regular,2020-09-05T20:30:00.000Z,Texas State,SMU,Bobcat Stadium (TX),Sun Belt,American Athletic,401212484
2020,1,regular,2020-09-05T23:30:00.000Z,North Texas,Houston Christian,DATCU Stadium,Conference USA,Southland,401207098
2020,1,regular,2020-09-06T00:00:00.000Z,Memphis,Arkansas State,Simmons Bank Liberty Stadium,American Athletic,Sun Belt,401212553
2020,1,regular,2020-09-06T01:00:00.000Z,UTEP,Stephen F. Austin,Sun Bowl,Conference USA,Southland,401239884
2020,1,regular,2020-09-08T00:00:00.000Z,Navy,BYU,Navy-Marine Corps Memorial Stadium,American Athletic,FBS Independents,401234576
2020,2,regular,2020-09-11T00:00:00.000Z,Miami,UAB,Hard Rock Stadium,ACC,Conference USA,401234559
2020,2,regular,2020-09-12T16:00:00.000Z,App State,Charlotte,Kidd Brewer Stadium,Sun Belt,Conference USA,401236081
2020,2,regular,2020-09-12T16:00:00.000Z,Iowa State,Louisiana,Jack Trice Stadium,Big 12,Sun Belt,401236221
2020,2,regular,2020-09-12T16:00:00.000Z,North Carolina,Syracuse,Kenan Stadium,ACC,ACC,401234565
2020,2,regular,2020-09-12T16:00:00.000Z,Kansas State,Arkansas State,Bill Snyder Family Stadium,Big 12,Sun Belt,401236053
2020,2,regular,2020-09-12T16:00:00.000Z,West Virginia,Eastern Kentucky,Milan Puskar Stadium,Big 12,OVC,401236038
2020,2,regular,2020-09-12T17:30:00.000Z,Army,UL Monroe,Michie Stadium,FBS Independents,Sun Belt,401240113
2020,2,regular,2020-09-12T18:30:00.000Z,Notre Dame,Duke,Notre Dame Stadium,FBS Independents,ACC,401234574
2020,2,regular,2020-09-12T19:30:00.000Z,Texas State,UTSA,Bobcat Stadium (TX),Sun Belt,Conference USA,401207113
2020,2,regular,2020-09-12T20:00:00.000Z,Florida State,Georgia Tech,Doak Campbell Stadium,ACC,ACC,401234563
2020,2,regular,2020-09-12T20:00:00.000Z,Pittsburgh,Austin Peay,Acrisure Stadium,ACC,OVC,401240233
2020,2,regular,2020-09-12T20:14:00.000Z,Georgia Southern,Campbell,Allen E. Paulson Stadium,Sun Belt,Big South,401215298
2020,2,regular,2020-09-12T23:00:00.000Z,Oklahoma,Missouri State,"Memorial Stadium (Norman, OK)",Big 12,MVFC,401236054
2020,2,regular,2020-09-12T23:00:00.000Z,South Florida,The Citadel,Raymond James Stadium,American Athletic,Southern,401240039
2020,2,regular,2020-09-12T23:30:00.000Z,Wake Forest,Clemson,Allegacy Federal Credit Union Stadium,ACC,ACC,401234562
2020,2,regular,2020-09-12T23:30:00.000Z,South Alabama,Tulane,Hancock Whitney Stadium,Sun Belt,American Athletic,401239973
2020,2,regular,2020-09-13T00:00:00.000Z,Louisville,Western Kentucky,L&N Federal Credit Union Stadium,ACC,Conference USA,401234564
2020,2,regular,2020-09-13T00:00:00.000Z,Texas Tech,Houston Christian,Jones AT&T Stadium,Big 12,Southland,401236039
2020,2,regular,2020-09-13T00:00:00.000Z,Texas,UTEP,DKR-Texas Memorial Stadium,Big 12,Conference USA,401236222
2020,2,regular,2020-09-13T02:00:00.000Z,Kansas,Coastal Carolina,Memorial Stadium,Big 12,Sun Belt,401236658
2020,3,regular,2020-09-18T23:30:00.000Z,Coastal Carolina,Campbell,Brooks Stadium (SC),Sun Belt,Big South,401240126
2020,3,regular,2020-09-19T16:00:00.000Z,Duke,Boston College,Wallace Wade Stadium,ACC,ACC,401234567
2020,3,regular,2020-09-19T16:00:00.000Z,Pittsburgh,Syracuse,Acrisure Stadium,ACC,ACC,401234571
2020,3,regular,2020-09-19T16:00:00.000Z,Cincinnati,Austin Peay,Nippert Stadium,American Athletic,OVC,401212541
2020,3,regular,2020-09-19T16:00:00.000Z,Georgia State,Louisiana,Center Parc Stadium,Sun Belt,Sun Belt,401215301
2020,3,regular,2020-09-19T16:00:00.000Z,Oklahoma State,Tulsa,Boone Pickens Stadium,Big 12,American Athletic,401236041
2020,3,regular,2020-09-19T16:00:00.000Z,Tulane,Navy,Yulman Stadium,American Athletic,American Athletic,401212522
2020,3,regular,2020-09-19T16:00:00.000Z,Western Kentucky,Liberty,Houchens Industries-L.T. Smith Stadium,Conference USA,FBS Independents,401207124
2020,3,regular,2020-09-19T18:30:00.000Z,Notre Dame,South Florida,Notre Dame Stadium,FBS Independents,American Athletic,401241282
2020,3,regular,2020-09-19T19:30:00.000Z,Georgia Tech,UCF,Bobby Dodd Stadium,ACC,American Athletic,401234568
2020,3,regular,2020-09-19T19:30:00.000Z,Marshall,App State,Joan C. Edwards Stadium,Conference USA,Sun Belt,401236939
2020,3,regular,2020-09-19T19:30:00.000Z,Middle Tennessee,Troy,"Johnny ""Red"" Floyd Stadium",Conference USA,Sun Belt,401240640
2020,3,regular,2020-09-19T19:30:00.000Z,UTSA,Stephen F. Austin,Alamodome,Conference USA,Southland,401240041
2020,3,regular,2020-09-19T20:00:00.000Z,Clemson,The Citadel,"Memorial Stadium (Clemson, SC)",ACC,Southern,401237492
2020,3,regular,2020-09-19T22:00:00.000Z,North Texas,SMU,DATCU Stadium,Conference USA,American Athletic,401207120
2020,3,regular,2020-09-19T23:30:00.000Z,Southern Miss,Louisiana Tech,M. M. Roberts Stadium,Conference USA,Conference USA,401207106
2020,3,regular,2020-09-19T23:30:00.000Z,UL Monroe,Texas State,Malone Stadium,Sun Belt,Sun Belt,401215302
2020,3,regular,2020-09-19T23:30:00.000Z,Louisville,Miami,L&N Federal Credit Union Stadium,ACC,ACC,401234569
2020,3,regular,2020-09-20T00:00:00.000Z,NC State,Wake Forest,Carter-Finley Stadium,ACC,ACC,401234570
2020,3,regular,2020-09-20T01:00:00.000Z,UTEP,Abilene Christian,Sun Bowl,Conference USA,Southland,401239885
2020,4,regular,2020-09-24T23:30:00.000Z,South Alabama,UAB,Hancock Whitney Stadium,Sun Belt,Conference USA,401207132
2020,4,regular,2020-09-26T00:00:00.000Z,UTSA,Middle Tennessee,Alamodome,Conference USA,Conference USA,401207134
2020,4,regular,2020-09-26T16:00:00.000Z,Ole Miss,Florida,Vaught-Hemingway Stadium,SEC,SEC,401236952
2020,4,regular,2020-09-26T16:00:00.000Z,Louisiana,Georgia Southern,Cajun Field,Sun Belt,Sun Belt,401215303
2020,4,regular,2020-09-26T16:00:00.000Z,App State,Campbell,Kidd Brewer Stadium,Sun Belt,Big South,401236253
2020,4,regular,2020-09-26T16:00:00.000Z,Auburn,Kentucky,Jordan-Hare Stadium,SEC,SEC,401237034
2020,4,regular,2020-09-26T16:00:00.000Z,Oklahoma,Kansas State,"Memorial Stadium (Norman, OK)",Big 12,Big 12,401235996
2020,4,regular,2020-09-26T16:00:00.000Z,East Carolina,UCF,Dowdy-Ficklen Stadium,American Athletic,American Athletic,401212536
2020,4,regular,2020-09-26T16:00:00.000Z,Syracuse,Georgia Tech,JMA Wireless Dome,ACC,ACC,401234594
2020,4,regular,2020-09-26T16:00:00.000Z,Pittsburgh,Louisville,Acrisure Stadium,ACC,ACC,401234595
2020,4,regular,2020-09-26T17:00:00.000Z,Liberty,Florida International,Williams Stadium (VA),FBS Independents,Conference USA,401207126
2020,4,regular,2020-09-26T17:00:00.000Z,The Citadel,Eastern Kentucky,Johnson Hagood Stadium,Southern,OVC,401237493
2020,4,regular,2020-09-26T17:30:00.000Z,TCU,Iowa State,Amon G. Carter Stadium,Big 12,Big 12,401235994
2020,4,regular,2020-09-26T19:30:00.000Z,UL Monroe,UTEP,Malone Stadium,Sun Belt,Conference USA,401240194
2020,4,regular,2020-09-26T19:30:00.000Z,Texas Tech,Texas,Jones AT&T Stadium,Big 12,Big 12,401235995
2020,4,regular,2020-09-26T19:30:00.000Z,Oklahoma State,West Virginia,Boone Pickens Stadium,Big 12,Big 12,401235997
2020,4,regular,2020-09-26T19:30:00.000Z,Cincinnati,Army,Nippert Stadium,American Athletic,FBS Independents,401240996
2020,4,regular,2020-09-26T19:30:00.000Z,LSU,Mississippi State,Tiger Stadium (LA),SEC,SEC,401237035
2020,4,regular,2020-09-26T20:00:00.000Z,Arkansas,Georgia,Razorback Stadium,SEC,SEC,401237033
2020,4,regular,2020-09-26T20:00:00.000Z,Virginia,Duke,Scott Stadium,ACC,ACC,401234638
2020,4,regular,2020-09-26T22:00:00.000Z,Boston College,Texas State,"Alumni Stadium (Chestnut Hill, MA)",ACC,Sun Belt,401241303
2020,4,regular,2020-09-26T23:00:00.000Z,Southern Miss,Tulane,M. M. Roberts Stadium,Conference USA,American Athletic,401234734
2020,4,regular,2020-09-26T23:00:00.000Z,Missouri,Alabama,Memorial Stadium,SEC,SEC,401236951
2020,4,regular,2020-09-26T23:00:00.000Z,SMU,Stephen F. Austin,Gerald J. Ford Stadium,American Athletic,Southland,401212485
2020,4,regular,2020-09-26T23:00:00.000Z,Louisiana Tech,Houston Christian,Joe Aillet Stadium,Conference USA,Southland,401232157
2020,4,regular,2020-09-26T23:30:00.000Z,Miami,Florida State,Hard Rock Stadium,ACC,ACC,401234593
2020,4,regular,2020-09-26T23:30:00.000Z,Baylor,Kansas,McLane Stadium,Big 12,Big 12,401235993
2020,4,regular,2020-09-26T23:30:00.000Z,South Carolina,Tennessee,Williams-Brice Stadium,SEC,SEC,401237036
2020,4,regular,2020-09-26T23:30:00.000Z,Texas A&M,Vanderbilt,Kyle Field,SEC,SEC,401237037
2020,4,regular,2020-09-27T00:00:00.000Z,Virginia Tech,NC State,Lane Stadium,ACC,ACC,401234566
2020,4,regular,2020-09-27T00:00:00.000Z,Central Arkansas,Missouri State,Estes Stadium,Southland,MVFC,401236381
2020,4,regular,2020-09-27T02:15:00.000Z,BYU,Troy,LaVell Edwards Stadium,FBS Independents,Sun Belt,401236223
2020,5,regular,2020-10-02T23:00:00.000Z,Wake Forest,Campbell,Allegacy Federal Credit Union Stadium,ACC,Big South,401240282
2020,5,regular,2020-10-03T01:00:00.000Z,BYU,Louisiana Tech,LaVell Edwards Stadium,FBS Independents,Conference USA,401246275
2020,5,regular,2020-10-03T16:00:00.000Z,Florida,South Carolina,Ben Hill Griffin Stadium,SEC,SEC,401237096
2020,5,regular,2020-10-03T16:00:00.000Z,Texas,TCU,DKR-Texas Memorial Stadium,Big 12,Big 12,401236002
2020,5,regular,2020-10-03T16:00:00.000Z,Tennessee,Missouri,Neyland Stadium,SEC,SEC,401237099
2020,5,regular,2020-10-03T16:00:00.000Z,West Virginia,Baylor,Milan Puskar Stadium,Big 12,Big 12,401235998
2020,5,regular,2020-10-03T16:00:00.000Z,Coastal Carolina,Arkansas State,Brooks Stadium (SC),Sun Belt,Sun Belt,401215304
2020,5,regular,2020-10-03T16:00:00.000Z,Pittsburgh,NC State,Acrisure Stadium,ACC,ACC,401234600
2020,5,regular,2020-10-03T16:00:00.000Z,Georgia State,East Carolina,Center Parc Stadium,Sun Belt,American Athletic,401212547
2020,5,regular,2020-10-03T16:30:00.000Z,UAB,UTSA,Legion Field,Conference USA,Conference USA,401207141
2020,5,regular,2020-10-03T17:00:00.000Z,Liberty,North Alabama,Williams Stadium (VA),FBS Independents,Big South,401237513
2020,5,regular,2020-10-03T17:30:00.000Z,Army,Abilene Christian,Michie Stadium,FBS Independents,Southland,401240040
2020,5,regular,2020-10-03T19:00:00.000Z,Eastern Kentucky,Houston Christian,Roy Kidd Stadium,OVC,Southland,401246566
2020,5,regular,2020-10-03T19:30:00.000Z,North Dakota State,Central Arkansas,Fargodome,MVFC,Southland,401240124
2020,5,regular,2020-10-03T19:30:00.000Z,Kansas,Oklahoma State,Memorial Stadium,Big 12,Big 12,401236000
2020,5,regular,2020-10-03T19:30:00.000Z,Kansas State,Texas Tech,Bill Snyder Family Stadium,Big 12,Big 12,401236001
2020,5,regular,2020-10-03T19:30:00.000Z,Alabama,Texas A&M,Bryant-Denny Stadium,SEC,SEC,401237093
2020,5,regular,2020-10-03T19:30:00.000Z,Boston College,North Carolina,"Alumni Stadium (Chestnut Hill, MA)",ACC,ACC,401234597
2020,5,regular,2020-10-03T19:30:00.000Z,SMU,Memphis,Gerald J. Ford Stadium,American Athletic,American Athletic,401212486
2020,5,regular,2020-10-03T19:30:00.000Z,Cincinnati,South Florida,Nippert Stadium,American Athletic,American Athletic,401212476
2020,5,regular,2020-10-03T20:00:00.000Z,Florida Atlantic,Charlotte,FAU Stadium,Conference USA,Conference USA,401207136
2020,5,regular,2020-10-03T20:00:00.000Z,Florida State,Jacksonville State,Doak Campbell Stadium,ACC,OVC,401238034
2020,5,regular,2020-10-03T20:00:00.000Z,Duke,Virginia Tech,Wallace Wade Stadium,ACC,ACC,401234599
2020,5,regular,2020-10-03T20:00:00.000Z,Kentucky,Ole Miss,Kroger Field,SEC,SEC,401237097
2020,5,regular,2020-10-03T21:00:00.000Z,Stephen F. Austin,West Texas A&M,Homer Bryce Stadium,Southland,Lone Star,401240042
2020,5,regular,2020-10-03T21:00:00.000Z,Middle Tennessee,Western Kentucky,"Johnny ""Red"" Floyd Stadium",Conference USA,Conference USA,401207138
2020,5,regular,2020-10-03T22:00:00.000Z,Air Force,Navy,Falcon Stadium,Mountain West,American Athletic,401212557
2020,5,regular,2020-10-03T23:00:00.000Z,UL Monroe,Georgia Southern,Malone Stadium,Sun Belt,Sun Belt,401215305
2020,5,regular,2020-10-03T23:30:00.000Z,Mississippi State,Arkansas,Davis Wade Stadium,SEC,SEC,401237094
2020,5,regular,2020-10-03T23:30:00.000Z,UCF,Tulsa,FBC Mortgage Stadium,American Athletic,American Athletic,401212531
2020,5,regular,2020-10-03T23:30:00.000Z,Georgia,Auburn,Sanford Stadium,SEC,SEC,401237095
2020,5,regular,2020-10-03T23:30:00.000Z,Vanderbilt,LSU,FirstBank Stadium,SEC,SEC,401237098
2020,5,regular,2020-10-03T23:30:00.000Z,Iowa State,Oklahoma,Jack Trice Stadium,Big 12,Big 12,401235999
2020,5,regular,2020-10-03T23:30:00.000Z,North Texas,Southern Miss,DATCU Stadium,Conference USA,Conference USA,401207139
2020,5,regular,2020-10-04T00:00:00.000Z,Clemson,Virginia,"Memorial Stadium (Clemson, SC)",ACC,ACC,401234598
2020,6,regular,2020-10-08T23:30:00.000Z,Houston,Tulane,TDECU Stadium,American Athletic,American Athletic,401212523
2020,6,regular,2020-10-09T23:00:00.000Z,Georgia Tech,Louisville,Bobby Dodd Stadium,ACC,ACC,401234601
2020,6,regular,2020-10-10T16:00:00.000Z,Vanderbilt,South Carolina,FirstBank Stadium,SEC,SEC,401237106
2020,6,regular,2020-10-10T16:00:00.000Z,North Carolina,Virginia Tech,Kenan Stadium,ACC,ACC,401234607
2020,6,regular,2020-10-10T16:00:00.000Z,Oklahoma,Texas,Cotton Bowl,Big 12,Big 12,401236005
2020,6,regular,2020-10-10T16:00:00.000Z,LSU,Missouri,Tiger Stadium (LA),SEC,SEC,401237105
2020,6,regular,2020-10-10T16:00:00.000Z,Liberty,UL Monroe,Williams Stadium (VA),FBS Independents,Sun Belt,401207215
2020,6,regular,2020-10-10T16:00:00.000Z,Texas A&M,Florida,Kyle Field,SEC,SEC,401237102
2020,6,regular,2020-10-10T16:00:00.000Z,Virginia,NC State,Scott Stadium,ACC,ACC,401234608
2020,6,regular,2020-10-10T16:30:00.000Z,Syracuse,Duke,JMA Wireless Dome,ACC,ACC,401234605
2020,6,regular,2020-10-10T17:30:00.000Z,Army,The Citadel,Michie Stadium,FBS Independents,Southern,401240114
2020,6,regular,2020-10-10T19:00:00.000Z,Jacksonville State,Mercer,AmFirst Stadium,OVC,Southern,401240117
2020,6,regular,2020-10-10T19:30:00.000Z,Georgia,Tennessee,Sanford Stadium,SEC,SEC,401237103
2020,6,regular,2020-10-10T19:30:00.000Z,BYU,UTSA,LaVell Edwards Stadium,FBS Independents,Conference USA,401240997
2020,6,regular,2020-10-10T19:30:00.000Z,Arkansas State,Central Arkansas,Centennial Bank Stadium,Sun Belt,Southland,401246425
2020,6,regular,2020-10-10T19:30:00.000Z,Troy,Texas State,Veterans Memorial Stadium (AL),Sun Belt,Sun Belt,401215308
2020,6,regular,2020-10-10T19:30:00.000Z,Iowa State,Texas Tech,Jack Trice Stadium,Big 12,Big 12,401236003
2020,6,regular,2020-10-10T20:00:00.000Z,Florida International,Middle Tennessee,FIU Stadium,Conference USA,Conference USA,401207143
2020,6,regular,2020-10-10T20:00:00.000Z,TCU,Kansas State,Amon G. Carter Stadium,Big 12,Big 12,401236004
2020,6,regular,2020-10-10T20:00:00.000Z,Auburn,Arkansas,Jordan-Hare Stadium,SEC,SEC,401237101
2020,6,regular,2020-10-10T20:00:00.000Z,Boston College,Pittsburgh,"Alumni Stadium (Chestnut Hill, MA)",ACC,ACC,401234603
2020,6,regular,2020-10-10T22:00:00.000Z,Navy,Temple,Navy-Marine Corps Memorial Stadium,American Athletic,American Athletic,401212515
2020,6,regular,2020-10-10T23:00:00.000Z,South Florida,East Carolina,Raymond James Stadium,American Athletic,American Athletic,401212477
2020,6,regular,2020-10-10T23:30:00.000Z,Clemson,Miami,"Memorial Stadium (Clemson, SC)",ACC,ACC,401234604
2020,6,regular,2020-10-10T23:30:00.000Z,Notre Dame,Florida State,Notre Dame Stadium,FBS Independents,ACC,401234606
2020,6,regular,2020-10-10T23:30:00.000Z,Western Kentucky,Marshall,Houchens Industries-L.T. Smith Stadium,Conference USA,Conference USA,401207146
2020,6,regular,2020-10-10T23:30:00.000Z,Ole Miss,Alabama,Vaught-Hemingway Stadium,SEC,SEC,401237100
2020,6,regular,2020-10-10T23:30:00.000Z,Kentucky,Mississippi State,Kroger Field,SEC,SEC,401237104
2020,6,regular,2020-10-10T23:30:00.000Z,Louisiana Tech,UTEP,Joe Aillet Stadium,Conference USA,Conference USA,401207145
2020,6,regular,2020-10-11T00:00:00.000Z,North Texas,Charlotte,DATCU Stadium,Conference USA,Conference USA,401207142
2020,7,regular,2020-10-14T23:30:00.000Z,Louisiana,Coastal Carolina,Cajun Field,Sun Belt,Sun Belt,401215311
2020,7,regular,2020-10-15T23:30:00.000Z,Arkansas State,Georgia State,Centennial Bank Stadium,Sun Belt,Sun Belt,401215310
2020,7,regular,2020-10-16T22:00:00.000Z,Tulane,SMU,Yulman Stadium,American Athletic,American Athletic,401212487
2020,7,regular,2020-10-17T01:30:00.000Z,Houston,BYU,LaVell Edwards Stadium,American Athletic,FBS Independents,401212551
2020,7,regular,2020-10-17T16:00:00.000Z,Syracuse,Liberty,JMA Wireless Dome,ACC,FBS Independents,401234615
2020,7,regular,2020-10-17T16:00:00.000Z,Georgia Tech,Clemson,Bobby Dodd Stadium,ACC,ACC,401234610
2020,7,regular,2020-10-17T16:00:00.000Z,Tennessee,Kentucky,Neyland Stadium,SEC,SEC,401237111
2020,7,regular,2020-10-17T16:00:00.000Z,South Carolina,Auburn,Williams-Brice Stadium,SEC,SEC,401237109
2020,7,regular,2020-10-17T16:00:00.000Z,West Virginia,Kansas,Milan Puskar Stadium,Big 12,Big 12,401236007
2020,7,regular,2020-10-17T16:00:00.000Z,South Alabama,Texas State,Hancock Whitney Stadium,Sun Belt,Sun Belt,401215313
2020,7,regular,2020-10-17T16:00:00.000Z,Miami,Pittsburgh,Hard Rock Stadium,ACC,ACC,401234614
2020,7,regular,2020-10-17T16:00:00.000Z,Temple,South Florida,Lincoln Financial Field,American Athletic,American Athletic,401212478
2020,7,regular,2020-10-17T16:00:00.000Z,East Carolina,Navy,Dowdy-Ficklen Stadium,American Athletic,American Athletic,401212548
2020,7,regular,2020-10-17T17:30:00.000Z,UAB,Western Kentucky,Legion Field,Conference USA,Conference USA,401207153
2020,7,regular,2020-10-17T17:30:00.000Z,UTSA,Army,Alamodome,Conference USA,FBS Independents,401240115
2020,7,regular,2020-10-17T18:00:00.000Z,North Alabama,Jacksonville State,Braly Municipal Stadium,Big South,OVC,401240034
2020,7,regular,2020-10-17T18:30:00.000Z,Notre Dame,Louisville,Notre Dame Stadium,FBS Independents,ACC,401234613
2020,7,regular,2020-10-17T19:30:00.000Z,NC State,Duke,Carter-Finley Stadium,ACC,ACC,401234611
2020,7,regular,2020-10-17T19:30:00.000Z,Troy,Eastern Kentucky,Veterans Memorial Stadium (AL),Sun Belt,OVC,401239872
2020,7,regular,2020-10-17T19:30:00.000Z,Memphis,UCF,Simmons Bank Liberty Stadium,American Athletic,American Athletic,401212537
2020,7,regular,2020-10-17T19:30:00.000Z,Arkansas,Ole Miss,Razorback Stadium,SEC,SEC,401237108
2020,7,regular,2020-10-17T20:00:00.000Z,Mississippi State,Texas A&M,Davis Wade Stadium,SEC,SEC,401237112
2020,7,regular,2020-10-17T20:00:00.000Z,Georgia Southern,Massachusetts,Allen E. Paulson Stadium,Sun Belt,FBS Independents,401250215
2020,7,regular,2020-10-17T20:00:00.000Z,Wake Forest,Virginia,Allegacy Federal Credit Union Stadium,ACC,ACC,401234616
2020,7,regular,2020-10-17T21:00:00.000Z,Middle Tennessee,North Texas,"Johnny ""Red"" Floyd Stadium",Conference USA,Conference USA,401207150
2020,7,regular,2020-10-17T21:00:00.000Z,Stephen F. Austin,Angelo State,Homer Bryce Stadium,Southland,Lone Star,401249652
2020,7,regular,2020-10-17T22:00:00.000Z,Louisiana Tech,Marshall,Joe Aillet Stadium,Conference USA,Conference USA,401207149
2020,7,regular,2020-10-17T23:30:00.000Z,Florida State,North Carolina,Doak Campbell Stadium,ACC,ACC,401234612
2020,7,regular,2020-10-18T00:00:00.000Z,Alabama,Georgia,Bryant-Denny Stadium,SEC,SEC,401237107
2020,7,regular,2020-10-18T00:00:00.000Z,Virginia Tech,Boston College,Lane Stadium,ACC,ACC,401234609
2020,7,regular,2020-10-18T00:00:00.000Z,Missouri State,Central Arkansas,Plaster Sports Complex,MVFC,Southland,401236382
2020,8,regular,2020-10-22T23:30:00.000Z,App State,Arkansas State,Kidd Brewer Stadium,Sun Belt,Sun Belt,401240642
2020,8,regular,2020-10-23T23:00:00.000Z,Florida International,Jacksonville State,FIU Stadium,Conference USA,OVC,401250783
2020,8,regular,2020-10-23T23:30:00.000Z,South Florida,Tulsa,Raymond James Stadium,American Athletic,American Athletic,401212479
2020,8,regular,2020-10-24T00:00:00.000Z,UAB,Louisiana,Legion Field,Conference USA,Sun Belt,401238036
2020,8,regular,2020-10-24T00:00:00.000Z,Wisconsin,Illinois,Camp Randall Stadium,Big Ten,Big Ten,401247297
2020,8,regular,2020-10-24T16:00:00.000Z,North Carolina,NC State,Kenan Stadium,ACC,ACC,401234621
2020,8,regular,2020-10-24T16:00:00.000Z,Army,Mercer,Michie Stadium,FBS Independents,Southern,401240116
2020,8,regular,2020-10-24T16:00:00.000Z,Louisville,Florida State,L&N Federal Credit Union Stadium,ACC,ACC,401234619
2020,8,regular,2020-10-24T16:00:00.000Z,Ohio State,Nebraska,Ohio Stadium,Big Ten,Big Ten,401247293
2020,8,regular,2020-10-24T16:00:00.000Z,Kansas State,Kansas,Bill Snyder Family Stadium,Big 12,Big 12,401236010
2020,8,regular,2020-10-24T16:00:00.000Z,Memphis,Temple,Simmons Bank Liberty Stadium,American Athletic,American Athletic,401212516
2020,8,regular,2020-10-24T16:00:00.000Z,Ole Miss,Auburn,Vaught-Hemingway Stadium,SEC,SEC,401237115
2020,8,regular,2020-10-24T16:00:00.000Z,Coastal Carolina,Georgia Southern,Brooks Stadium (SC),Sun Belt,Sun Belt,401215316
2020,8,regular,2020-10-24T16:00:00.000Z,Charlotte,UTEP,Jerry Richardson Stadium,Conference USA,Conference USA,401207154
2020,8,regular,2020-10-24T16:00:00.000Z,Clemson,Syracuse,"Memorial Stadium (Clemson, SC)",ACC,ACC,401234618
2020,8,regular,2020-10-24T16:00:00.000Z,Michigan State,Rutgers,Spartan Stadium,Big Ten,Big Ten,401247299
2020,8,regular,2020-10-24T16:00:00.000Z,TCU,Oklahoma,Amon G. Carter Stadium,Big 12,Big 12,401236011
2020,8,regular,2020-10-24T17:00:00.000Z,Liberty,Southern Miss,Williams Stadium (VA),FBS Independents,Conference USA,401207160
2020,8,regular,2020-10-24T17:30:00.000Z,Stephen F. Austin,Abilene Christian,Dignity Health Sports Park,Southland,Southland,401248039
2020,8,regular,2020-10-24T18:00:00.000Z,UCF,Tulane,FBC Mortgage Stadium,American Athletic,American Athletic,401212524
2020,8,regular,2020-10-24T18:30:00.000Z,Marshall,Florida Atlantic,Joan C. Edwards Stadium,Conference USA,Conference USA,401207156
2020,8,regular,2020-10-24T19:00:00.000Z,Eastern Kentucky,Central Arkansas,Roy Kidd Stadium,OVC,Southland,401239871
2020,8,regular,2020-10-24T19:30:00.000Z,Texas,Baylor,DKR-Texas Memorial Stadium,Big 12,Big 12,401236008
2020,8,regular,2020-10-24T19:30:00.000Z,Rice,Middle Tennessee,Rice Stadium,Conference USA,Conference USA,401207158
2020,8,regular,2020-10-24T19:30:00.000Z,Tennessee,Alabama,Neyland Stadium,SEC,SEC,401237114
2020,8,regular,2020-10-24T19:30:00.000Z,Navy,Houston,Navy-Marine Corps Memorial Stadium,American Athletic,American Athletic,401212552
2020,8,regular,2020-10-24T19:30:00.000Z,Oklahoma State,Iowa State,Boone Pickens Stadium,Big 12,Big 12,401236009
2020,8,regular,2020-10-24T19:30:00.000Z,Indiana,Penn State,"Memorial Stadium (Bloomington, IN)",Big Ten,Big Ten,401247295
2020,8,regular,2020-10-24T19:30:00.000Z,Purdue,Iowa,Ross-Ade Stadium,Big Ten,Big Ten,401247296
2020,8,regular,2020-10-24T19:30:00.000Z,Wake Forest,Virginia Tech,Allegacy Federal Credit Union Stadium,ACC,ACC,401234623
2020,8,regular,2020-10-24T19:41:00.000Z,Pittsburgh,Notre Dame,Acrisure Stadium,ACC,FBS Independents,401234622
2020,8,regular,2020-10-24T20:00:00.000Z,Boston College,Georgia Tech,"Alumni Stadium (Chestnut Hill, MA)",ACC,ACC,401234617
2020,8,regular,2020-10-24T20:00:00.000Z,Missouri,Kentucky,Memorial Stadium,SEC,SEC,401237122
2020,8,regular,2020-10-24T20:00:00.000Z,Troy,Georgia State,Veterans Memorial Stadium (AL),Sun Belt,Sun Belt,401215317
2020,8,regular,2020-10-24T20:00:00.000Z,Western Kentucky,Chattanooga,Houchens Industries-L.T. Smith Stadium,Conference USA,Southern,401207102
2020,8,regular,2020-10-24T21:30:00.000Z,Texas Tech,West Virginia,Jones AT&T Stadium,Big 12,Big 12,401236012
2020,8,regular,2020-10-24T23:00:00.000Z,South Alabama,UL Monroe,Hancock Whitney Stadium,Sun Belt,Sun Belt,401250784
2020,8,regular,2020-10-24T23:00:00.000Z,LSU,South Carolina,Tiger Stadium (LA),SEC,SEC,401237118
2020,8,regular,2020-10-24T23:00:00.000Z,Boise State,Utah State,Albertsons Stadium,Mountain West,Mountain West,401248997
2020,8,regular,2020-10-24T23:00:00.000Z,Nevada,Wyoming,Mackay Stadium,Mountain West,Mountain West,401248998
2020,8,regular,2020-10-24T23:30:00.000Z,Northwestern,Maryland,Ryan Field,Big Ten,Big Ten,401247298
2020,8,regular,2020-10-24T23:30:00.000Z,Fresno State,Hawai'i,Valley Children's Stadium,Mountain West,Mountain West,401248994
2020,8,regular,2020-10-24T23:30:00.000Z,Minnesota,Michigan,Huntington Bank Stadium,Big Ten,Big Ten,401247294
2020,8,regular,2020-10-25T00:00:00.000Z,UTSA,Louisiana Tech,Alamodome,Conference USA,Conference USA,401207157
2020,8,regular,2020-10-25T00:00:00.000Z,Miami,Virginia,Hard Rock Stadium,ACC,ACC,401234620
2020,8,regular,2020-10-25T01:00:00.000Z,SMU,Cincinnati,Gerald J. Ford Stadium,American Athletic,American Athletic,401212488
2020,8,regular,2020-10-25T02:15:00.000Z,BYU,Texas State,LaVell Edwards Stadium,FBS Independents,Sun Belt,401240998
2020,8,regular,2020-10-25T02:30:00.000Z,San José State,Air Force,CEFCU Stadium,Mountain West,Mountain West,401248993
2020,8,regular,2020-10-25T02:30:00.000Z,San Diego State,UNLV,Qualcomm Stadium,Mountain West,Mountain West,401248996
2020,9,regular,2020-10-29T23:30:00.000Z,Georgia Southern,South Alabama,Allen E. Paulson Stadium,Sun Belt,Sun Belt,401215321
2020,9,regular,2020-10-30T02:00:00.000Z,Fresno State,Colorado State,Valley Children's Stadium,Mountain West,Mountain West,401249000
2020,9,regular,2020-10-30T23:00:00.000Z,Southern Illinois,Southeast Missouri State,Saluki Stadium,MVFC,OVC,401247675
2020,9,regular,2020-10-30T23:30:00.000Z,Maryland,Minnesota,SECU Stadium,Big Ten,Big Ten,401247302
2020,9,regular,2020-10-31T01:00:00.000Z,Tulsa,East Carolina,Chapman Stadium,American Athletic,American Athletic,401212533
2020,9,regular,2020-10-31T01:45:00.000Z,Wyoming,Hawai'i,War Memorial Stadium,Mountain West,Mountain West,401249001
2020,9,regular,2020-10-31T16:00:00.000Z,Tulane,Temple,Yulman Stadium,American Athletic,American Athletic,401212517
2020,9,regular,2020-10-31T16:00:00.000Z,Florida Atlantic,UTSA,FAU Stadium,Conference USA,Conference USA,401207162
2020,9,regular,2020-10-31T16:00:00.000Z,Syracuse,Wake Forest,JMA Wireless Dome,ACC,ACC,401234629
2020,9,regular,2020-10-31T16:00:00.000Z,Cincinnati,Memphis,Nippert Stadium,American Athletic,American Athletic,401212543
2020,9,regular,2020-10-31T16:00:00.000Z,Kentucky,Georgia,Kroger Field,SEC,SEC,401237117
2020,9,regular,2020-10-31T16:00:00.000Z,Georgia State,Coastal Carolina,Center Parc Stadium,Sun Belt,Sun Belt,401215318
2020,9,regular,2020-10-31T16:00:00.000Z,Clemson,Boston College,"Memorial Stadium (Clemson, SC)",ACC,ACC,401234624
2020,9,regular,2020-10-31T16:00:00.000Z,Kansas,Iowa State,Memorial Stadium,Big 12,Big 12,401236014
2020,9,regular,2020-10-31T16:00:00.000Z,West Virginia,Kansas State,Milan Puskar Stadium,Big 12,Big 12,401236015
2020,9,regular,2020-10-31T16:00:00.000Z,Illinois,Purdue,"Memorial Stadium (Champaign, IL)",Big Ten,Big Ten,401247301
2020,9,regular,2020-10-31T16:00:00.000Z,Michigan,Michigan State,Michigan Stadium,Big Ten,Big Ten,401247305
2020,9,regular,2020-10-31T18:00:00.000Z,Houston,UCF,TDECU Stadium,American Athletic,American Athletic,401212538
2020,9,regular,2020-10-31T19:00:00.000Z,Arkansas State,Troy,Centennial Bank Stadium,Sun Belt,Sun Belt,401215320
2020,9,regular,2020-10-31T19:00:00.000Z,Southern Miss,Rice,M. M. Roberts Stadium,Conference USA,Conference USA,401207166
2020,9,regular,2020-10-31T19:00:00.000Z,Mercer,Abilene Christian,Five Star Stadium at the Moye Complex,Southern,Southland,401248073
2020,9,regular,2020-10-31T19:00:00.000Z,Stephen F. Austin,Western Colorado,Homer Bryce Stadium,Southland,Rocky Mountain,401250213
2020,9,regular,2020-10-31T19:30:00.000Z,Louisiana Tech,UAB,Joe Aillet Stadium,Conference USA,Conference USA,401207163
2020,9,regular,2020-10-31T19:30:00.000Z,Baylor,TCU,McLane Stadium,Big 12,Big 12,401236013
2020,9,regular,2020-10-31T19:30:00.000Z,Auburn,LSU,Jordan-Hare Stadium,SEC,SEC,401237121
2020,9,regular,2020-10-31T19:30:00.000Z,Rutgers,Indiana,SHI Stadium,Big Ten,Big Ten,401247300
2020,9,regular,2020-10-31T19:30:00.000Z,Iowa,Northwestern,Kinnick Stadium,Big Ten,Big Ten,401247303
2020,9,regular,2020-10-31T19:30:00.000Z,Georgia Tech,Notre Dame,Bobby Dodd Stadium,ACC,FBS Independents,401234626
2020,9,regular,2020-10-31T20:00:00.000Z,Vanderbilt,Ole Miss,FirstBank Stadium,SEC,SEC,401237123
2020,9,regular,2020-10-31T20:00:00.000Z,Oklahoma State,Texas,Boone Pickens Stadium,Big 12,Big 12,401236017
2020,9,regular,2020-10-31T20:00:00.000Z,UL Monroe,App State,Malone Stadium,Sun Belt,Sun Belt,401215319
2020,9,regular,2020-10-31T20:00:00.000Z,Louisville,Virginia Tech,L&N Federal Credit Union Stadium,ACC,ACC,401234627
2020,9,regular,2020-10-31T20:00:00.000Z,Central Arkansas,Missouri Western,Estes Stadium,Southland,Mid America,401239873
2020,9,regular,2020-10-31T22:00:00.000Z,Air Force,Boise State,Falcon Stadium,Mountain West,Mountain West,401248999
2020,9,regular,2020-10-31T23:00:00.000Z,New Mexico,San José State,University Stadium (NM),Mountain West,Mountain West,401249003
2020,9,regular,2020-10-31T23:00:00.000Z,Duke,Charlotte,Wallace Wade Stadium,ACC,Conference USA,401234625
2020,9,regular,2020-10-31T23:00:00.000Z,Alabama,Mississippi State,Bryant-Denny Stadium,SEC,SEC,401237119
2020,9,regular,2020-10-31T23:30:00.000Z,SMU,Navy,Gerald J. Ford Stadium,American Athletic,American Athletic,401212489
2020,9,regular,2020-10-31T23:30:00.000Z,Florida,Missouri,Ben Hill Griffin Stadium,SEC,SEC,401237116
2020,9,regular,2020-10-31T23:30:00.000Z,Penn State,Ohio State,Beaver Stadium,Big Ten,Big Ten,401247306
2020,9,regular,2020-10-31T23:30:00.000Z,Texas A&M,Arkansas,Kyle Field,SEC,SEC,401237120
2020,9,regular,2020-11-01T00:00:00.000Z,Texas State,Louisiana,Bobcat Stadium (TX),Sun Belt,Sun Belt,401215322
2020,9,regular,2020-11-01T00:00:00.000Z,Virginia,North Carolina,Scott Stadium,ACC,ACC,401234628
2020,9,regular,2020-11-01T00:00:00.000Z,Texas Tech,Oklahoma,Jones AT&T Stadium,Big 12,Big 12,401236016
2020,9,regular,2020-11-01T01:30:00.000Z,Utah State,San Diego State,Maverik Stadium,Mountain West,Mountain West,401249004
2020,9,regular,2020-11-01T02:15:00.000Z,BYU,Western Kentucky,LaVell Edwards Stadium,FBS Independents,Conference USA,401239887
2020,9,regular,2020-11-01T02:30:00.000Z,UNLV,Nevada,Allegiant Stadium,Mountain West,Mountain West,401249002
2020,10,regular,2020-11-04T23:00:00.000Z,Kent State,Eastern Michigan,Dix Stadium,Mid-American,Mid-American,401249856
2020,10,regular,2020-11-04T23:00:00.000Z,Akron,Western Michigan,InfoCision Stadium,Mid-American,Mid-American,401249857
2020,10,regular,2020-11-05T00:00:00.000Z,Miami (OH),Ball State,Yager Stadium,Mid-American,Mid-American,401249889
2020,10,regular,2020-11-05T00:00:00.000Z,Northern Illinois,Buffalo,Huskie Stadium,Mid-American,Mid-American,401249859
2020,10,regular,2020-11-05T00:00:00.000Z,Central Michigan,Ohio,Kelly/Shorts Stadium,Mid-American,Mid-American,401249860
2020,10,regular,2020-11-05T01:00:00.000Z,Toledo,Bowling Green,Glass Bowl,Mid-American,Mid-American,401249858
2020,10,regular,2020-11-06T00:00:00.000Z,Nevada,Utah State,Mackay Stadium,Mountain West,Mountain West,401249009
2020,10,regular,2020-11-06T02:00:00.000Z,Colorado State,Wyoming,Canvas Stadium,Mountain West,Mountain West,401249010
2020,10,regular,2020-11-07T00:30:00.000Z,NC State,Miami,Carter-Finley Stadium,ACC,ACC,401234630
2020,10,regular,2020-11-07T02:00:00.000Z,San Diego State,San José State,Qualcomm Stadium,Mountain West,Mountain West,401249008
2020,10,regular,2020-11-07T02:45:00.000Z,Boise State,BYU,Albertsons Stadium,Mountain West,FBS Independents,401249005
2020,10,regular,2020-11-07T17:00:00.000Z,Northwestern,Nebraska,Ryan Field,Big Ten,Big Ten,401247307
2020,10,regular,2020-11-07T17:00:00.000Z,Georgia State,UL Monroe,Center Parc Stadium,Sun Belt,Sun Belt,401215327
2020,10,regular,2020-11-07T17:00:00.000Z,Virginia Tech,Liberty,Lane Stadium,ACC,FBS Independents,401234636
2020,10,regular,2020-11-07T17:00:00.000Z,East Carolina,Tulane,Dowdy-Ficklen Stadium,American Athletic,American Athletic,401212525
2020,10,regular,2020-11-07T17:00:00.000Z,USC,Arizona State,Los Angeles Memorial Coliseum,Pac-12,Pac-12,401249400
2020,10,regular,2020-11-07T17:00:00.000Z,Indiana,Michigan,"Memorial Stadium (Bloomington, IN)",Big Ten,Big Ten,401247309
2020,10,regular,2020-11-07T17:00:00.000Z,Louisiana,Arkansas State,Cajun Field,Sun Belt,Sun Belt,401253924
2020,10,regular,2020-11-07T17:00:00.000Z,Texas,West Virginia,DKR-Texas Memorial Stadium,Big 12,Big 12,401236022
2020,10,regular,2020-11-07T17:00:00.000Z,Iowa,Michigan State,Kinnick Stadium,Big Ten,Big Ten,401247313
2020,10,regular,2020-11-07T17:00:00.000Z,Temple,SMU,Lincoln Financial Field,American Athletic,American Athletic,401212490
2020,10,regular,2020-11-07T17:00:00.000Z,Memphis,South Florida,Simmons Bank Liberty Stadium,American Athletic,American Athletic,401212480
2020,10,regular,2020-11-07T17:00:00.000Z,Duke,North Carolina,Wallace Wade Stadium,ACC,ACC,401234633
2020,10,regular,2020-11-07T18:00:00.000Z,Georgia Southern,Troy,Allen E. Paulson Stadium,Sun Belt,Sun Belt,401215326
2020,10,regular,2020-11-07T19:00:00.000Z,Syracuse,Boston College,JMA Wireless Dome,ACC,ACC,401234631
2020,10,regular,2020-11-07T19:30:00.000Z,Marshall,Massachusetts,Joan C. Edwards Stadium,Conference USA,FBS Independents,401251931
2020,10,regular,2020-11-07T20:00:00.000Z,Texas State,App State,Bobcat Stadium (TX),Sun Belt,Sun Belt,401215324
2020,10,regular,2020-11-07T20:00:00.000Z,Southern Miss,North Alabama,M. M. Roberts Stadium,Conference USA,Big South,401240035
2020,10,regular,2020-11-07T20:00:00.000Z,Eastern Kentucky,Stephen F. Austin,Roy Kidd Stadium,OVC,Southland,401239874
2020,10,regular,2020-11-07T20:30:00.000Z,Illinois,Minnesota,"Memorial Stadium (Champaign, IL)",Big Ten,Big Ten,401247308
2020,10,regular,2020-11-07T20:30:00.000Z,Oklahoma,Kansas,"Memorial Stadium (Norman, OK)",Big 12,Big 12,401236019
2020,10,regular,2020-11-07T20:30:00.000Z,TCU,Texas Tech,Amon G. Carter Stadium,Big 12,Big 12,401236021
2020,10,regular,2020-11-07T20:30:00.000Z,Georgia,Florida,EverBank Stadium,SEC,SEC,401237125
2020,10,regular,2020-11-07T20:30:00.000Z,Cincinnati,Houston,Nippert Stadium,American Athletic,American Athletic,401212544
2020,10,regular,2020-11-07T20:30:00.000Z,Mississippi State,Vanderbilt,Davis Wade Stadium,SEC,SEC,401237126
2020,10,regular,2020-11-07T20:30:00.000Z,UNLV,Fresno State,Allegiant Stadium,Mountain West,Mountain West,401249006
2020,10,regular,2020-11-07T20:30:00.000Z,Penn State,Maryland,Beaver Stadium,Big Ten,Big Ten,401247312
2020,10,regular,2020-11-07T21:00:00.000Z,Kansas State,Oklahoma State,Bill Snyder Family Stadium,Big 12,Big 12,401236020
2020,10,regular,2020-11-07T21:00:00.000Z,Florida State,Pittsburgh,Doak Campbell Stadium,ACC,ACC,401234634
2020,10,regular,2020-11-07T21:00:00.000Z,Abilene Christian,Angelo State,Wildcat Stadium (TX),Southland,Lone Star,401248273
2020,10,regular,2020-11-07T23:00:00.000Z,Florida Atlantic,Western Kentucky,FAU Stadium,Conference USA,Conference USA,401207169
2020,10,regular,2020-11-08T00:00:00.000Z,Iowa State,Baylor,Jack Trice Stadium,Big 12,Big 12,401236018
2020,10,regular,2020-11-08T00:00:00.000Z,Colorado,UCLA,Folsom Field,Pac-12,Pac-12,401249402
2020,10,regular,2020-11-08T00:00:00.000Z,South Carolina,Texas A&M,Williams-Brice Stadium,SEC,SEC,401237127
2020,10,regular,2020-11-08T00:30:00.000Z,Arkansas,Tennessee,Razorback Stadium,SEC,SEC,401237124
2020,10,regular,2020-11-08T00:30:00.000Z,Ohio State,Rutgers,Ohio Stadium,Big Ten,Big Ten,401247310
2020,10,regular,2020-11-08T00:30:00.000Z,Oregon,Stanford,Autzen Stadium,Pac-12,Pac-12,401249399
2020,10,regular,2020-11-08T00:30:00.000Z,Notre Dame,Clemson,Notre Dame Stadium,FBS Independents,ACC,401234632
2020,10,regular,2020-11-08T01:00:00.000Z,Coastal Carolina,South Alabama,Brooks Stadium (SC),Sun Belt,Sun Belt,401215325
2020,10,regular,2020-11-08T03:30:00.000Z,Oregon State,Washington State,Reser Stadium,Pac-12,Pac-12,401249397
2020,10,regular,2020-11-08T04:00:00.000Z,Hawai'i,New Mexico,Aloha Stadium,Mountain West,Mountain West,401249007
2020,11,regular,2020-11-11T00:00:00.000Z,Ohio,Akron,Peden Stadium,Mid-American,Mid-American,401249861
2020,11,regular,2020-11-11T00:30:00.000Z,Bowling Green,Kent State,Doyt L. Perry Stadium,Mid-American,Mid-American,401249862
2020,11,regular,2020-11-11T01:00:00.000Z,Buffalo,Miami (OH),UB Stadium,Mid-American,Mid-American,401249890
2020,11,regular,2020-11-12T00:00:00.000Z,Ball State,Eastern Michigan,Scheumann Stadium,Mid-American,Mid-American,401249865
2020,11,regular,2020-11-12T01:00:00.000Z,Northern Illinois,Central Michigan,Huskie Stadium,Mid-American,Mid-American,401249864
2020,11,regular,2020-11-12T01:00:00.000Z,Western Michigan,Toledo,Waldo Stadium,Mid-American,Mid-American,401249866
2020,11,regular,2020-11-13T01:00:00.000Z,Boise State,Colorado State,Albertsons Stadium,Mountain West,Mountain West,401249012
2020,11,regular,2020-11-14T00:00:00.000Z,Florida International,Florida Atlantic,FIU Stadium,Conference USA,Conference USA,401207174
2020,11,regular,2020-11-14T00:00:00.000Z,Minnesota,Iowa,Huntington Bank Stadium,Big Ten,Big Ten,401247317
2020,11,regular,2020-11-14T00:30:00.000Z,Cincinnati,East Carolina,Nippert Stadium,American Athletic,American Athletic,401212545
2020,11,regular,2020-11-14T17:00:00.000Z,Tulane,Army,Yulman Stadium,American Athletic,FBS Independents,401207200
2020,11,regular,2020-11-14T17:00:00.000Z,Liberty,Western Carolina,Williams Stadium (VA),FBS Independents,Southern,401207218
2020,11,regular,2020-11-14T17:00:00.000Z,Nebraska,Penn State,"Memorial Stadium (Lincoln, NE)",Big Ten,Big Ten,401247320
2020,11,regular,2020-11-14T17:00:00.000Z,Michigan State,Indiana,Spartan Stadium,Big Ten,Big Ten,401247316
2020,11,regular,2020-11-14T17:00:00.000Z,Virginia Tech,Miami,Lane Stadium,ACC,ACC,401234641
2020,11,regular,2020-11-14T17:00:00.000Z,North Carolina,Wake Forest,Kenan Stadium,ACC,ACC,401234642
2020,11,regular,2020-11-14T17:00:00.000Z,Marshall,Middle Tennessee,Joan C. Edwards Stadium,Conference USA,Conference USA,401207176
2020,11,regular,2020-11-14T17:00:00.000Z,West Virginia,TCU,Milan Puskar Stadium,Big 12,Big 12,401236024
2020,11,regular,2020-11-14T17:00:00.000Z,Kentucky,Vanderbilt,Kroger Field,SEC,SEC,401237132
2020,11,regular,2020-11-14T18:00:00.000Z,Rutgers,Illinois,SHI Stadium,Big Ten,Big Ten,401247314
2020,11,regular,2020-11-14T19:00:00.000Z,Louisiana,South Alabama,Cajun Field,Sun Belt,Sun Belt,401215332
2020,11,regular,2020-11-14T19:30:00.000Z,Utah State,Fresno State,Maverik Stadium,Mountain West,Mountain West,401249013
2020,11,regular,2020-11-14T19:30:00.000Z,App State,Georgia State,Kidd Brewer Stadium,Sun Belt,Sun Belt,401215328
2020,11,regular,2020-11-14T20:00:00.000Z,UTSA,UTEP,Alamodome,Conference USA,Conference USA,401207179
2020,11,regular,2020-11-14T20:30:00.000Z,Stanford,Colorado,Stanford Stadium,Pac-12,Pac-12,401249406
2020,11,regular,2020-11-14T20:30:00.000Z,Houston,South Florida,TDECU Stadium,American Athletic,American Athletic,401212481
2020,11,regular,2020-11-14T20:30:00.000Z,Boston College,Notre Dame,"Alumni Stadium (Chestnut Hill, MA)",ACC,FBS Independents,401234637
2020,11,regular,2020-11-14T20:30:00.000Z,Western Kentucky,Southern Miss,Houchens Industries-L.T. Smith Stadium,Conference USA,Conference USA,401207178
2020,11,regular,2020-11-14T20:30:00.000Z,Arizona,USC,Arizona Stadium,Pac-12,Pac-12,401249403
2020,11,regular,2020-11-14T20:30:00.000Z,Virginia,Louisville,Scott Stadium,ACC,ACC,401257934
2020,11,regular,2020-11-14T20:30:00.000Z,Georgia Southern,Texas State,Allen E. Paulson Stadium,Sun Belt,Sun Belt,401215331
2020,11,regular,2020-11-14T21:00:00.000Z,San Diego State,Hawai'i,Qualcomm Stadium,Mountain West,Mountain West,401249014
2020,11,regular,2020-11-14T21:00:00.000Z,Central Arkansas,Eastern Kentucky,Estes Stadium,Southland,OVC,401248074
2020,11,regular,2020-11-14T21:00:00.000Z,Texas Tech,Baylor,Jones AT&T Stadium,Big 12,Big 12,401236023
2020,11,regular,2020-11-14T22:00:00.000Z,Purdue,Northwestern,Ross-Ade Stadium,Big Ten,Big Ten,401247315
2020,11,regular,2020-11-14T22:00:00.000Z,Stephen F. Austin,Pittsburg St,Homer Bryce Stadium,Southland,Mid America,401247413
2020,11,regular,2020-11-14T23:30:00.000Z,New Mexico,Nevada,University Stadium (NM),Mountain West,Mountain West,401249015
2020,11,regular,2020-11-15T00:00:00.000Z,Florida,Arkansas,Ben Hill Griffin Stadium,SEC,SEC,401237129
2020,11,regular,2020-11-15T00:00:00.000Z,Tulsa,SMU,Chapman Stadium,American Athletic,American Athletic,401212491
2020,11,regular,2020-11-15T00:00:00.000Z,Washington State,Oregon,Gesa Field,Pac-12,Pac-12,401249405
2020,11,regular,2020-11-15T00:30:00.000Z,UCF,Temple,FBC Mortgage Stadium,American Athletic,American Athletic,401212518
2020,11,regular,2020-11-15T00:30:00.000Z,NC State,Florida State,Carter-Finley Stadium,ACC,ACC,401234639
2020,11,regular,2020-11-15T00:30:00.000Z,Ole Miss,South Carolina,Vaught-Hemingway Stadium,SEC,SEC,401237133
2020,11,regular,2020-11-15T00:30:00.000Z,Michigan,Wisconsin,Michigan Stadium,Big Ten,Big Ten,401247319
2020,11,regular,2020-11-15T03:30:00.000Z,San José State,UNLV,CEFCU Stadium,Mountain West,Mountain West,401249016
2020,11,regular,2020-11-15T04:00:00.000Z,Washington,Oregon State,Husky Stadium,Pac-12,Pac-12,401249404
2020,11,regular,2020-11-15T17:00:00.000Z,UCLA,California,Rose Bowl,Pac-12,Pac-12,401261454
2020,12,regular,2020-11-18T00:00:00.000Z,Bowling Green,Buffalo,Doyt L. Perry Stadium,Mid-American,Mid-American,401249868
2020,12,regular,2020-11-18T01:00:00.000Z,Kent State,Akron,Dix Stadium,Mid-American,Mid-American,401249867
2020,12,regular,2020-11-19T00:00:00.000Z,Central Michigan,Western Michigan,Kelly/Shorts Stadium,Mid-American,Mid-American,401249872
2020,12,regular,2020-11-19T00:00:00.000Z,Eastern Michigan,Toledo,Rynearson Stadium,Mid-American,Mid-American,401249871
2020,12,regular,2020-11-19T00:00:00.000Z,Ball State,Northern Illinois,Scheumann Stadium,Mid-American,Mid-American,401249870
2020,12,regular,2020-11-20T00:30:00.000Z,Tulsa,Tulane,Chapman Stadium,American Athletic,American Athletic,401212526
2020,12,regular,2020-11-21T00:00:00.000Z,Louisville,Syracuse,L&N Federal Credit Union Stadium,ACC,ACC,401234643
2020,12,regular,2020-11-21T00:30:00.000Z,Minnesota,Purdue,Huntington Bank Stadium,Big Ten,Big Ten,401247325
2020,12,regular,2020-11-21T01:00:00.000Z,Florida Atlantic,Massachusetts,FAU Stadium,Conference USA,FBS Independents,401261674
2020,12,regular,2020-11-21T02:30:00.000Z,Air Force,New Mexico,Falcon Stadium,Mountain West,Mountain West,401249018
2020,12,regular,2020-11-21T17:00:00.000Z,Texas State,Arkansas State,Bobcat Stadium (TX),Sun Belt,Sun Belt,401215334
2020,12,regular,2020-11-21T17:00:00.000Z,Coastal Carolina,App State,Brooks Stadium (SC),Sun Belt,Sun Belt,401215333
2020,12,regular,2020-11-21T17:00:00.000Z,Army,Georgia Southern,Michie Stadium,FBS Independents,Sun Belt,401235975
2020,12,regular,2020-11-21T17:00:00.000Z,Vanderbilt,Florida,FirstBank Stadium,SEC,SEC,401237138
2020,12,regular,2020-11-21T17:00:00.000Z,Arkansas,LSU,Razorback Stadium,SEC,SEC,401237136
2020,12,regular,2020-11-21T17:00:00.000Z,Ohio State,Indiana,Ohio Stadium,Big Ten,Big Ten,401247326
2020,12,regular,2020-11-21T17:00:00.000Z,Nebraska,Illinois,"Memorial Stadium (Lincoln, NE)",Big Ten,Big Ten,401247321
2020,12,regular,2020-11-21T17:00:00.000Z,Memphis,Stephen F. Austin,Simmons Bank Liberty Stadium,American Athletic,Southland,401247374
2020,12,regular,2020-11-21T17:00:00.000Z,Temple,East Carolina,Lincoln Financial Field,American Athletic,American Athletic,401212519
2020,12,regular,2020-11-21T19:00:00.000Z,Western Kentucky,Florida International,Houchens Industries-L.T. Smith Stadium,Conference USA,Conference USA,401207181
2020,12,regular,2020-11-21T19:00:00.000Z,North Texas,Rice,DATCU Stadium,Conference USA,Conference USA,401207184
2020,12,regular,2020-11-21T20:00:00.000Z,Southern Miss,UTSA,M. M. Roberts Stadium,Conference USA,Conference USA,401207185
2020,12,regular,2020-11-21T20:00:00.000Z,Eastern Kentucky,Western Carolina,Roy Kidd Stadium,OVC,Southern,401239875
2020,12,regular,2020-11-21T20:00:00.000Z,BYU,North Alabama,LaVell Edwards Stadium,FBS Independents,Big South,401209818
2020,12,regular,2020-11-21T20:30:00.000Z,Northwestern,Wisconsin,Ryan Field,Big Ten,Big Ten,401247323
2020,12,regular,2020-11-21T20:30:00.000Z,UCF,Cincinnati,FBC Mortgage Stadium,American Athletic,American Athletic,401212540
2020,12,regular,2020-11-21T20:30:00.000Z,Troy,Middle Tennessee,Veterans Memorial Stadium (AL),Sun Belt,Conference USA,401240641
2020,12,regular,2020-11-21T20:30:00.000Z,Nevada,San Diego State,Mackay Stadium,Mountain West,Mountain West,401249019
2020,12,regular,2020-11-21T20:30:00.000Z,South Alabama,Georgia State,Hancock Whitney Stadium,Sun Belt,Sun Belt,401215335
2020,12,regular,2020-11-21T20:30:00.000Z,Penn State,Iowa,Beaver Stadium,Big Ten,Big Ten,401247327
2020,12,regular,2020-11-21T20:30:00.000Z,Oregon State,California,Reser Stadium,Pac-12,Pac-12,401249411
2020,12,regular,2020-11-21T20:30:00.000Z,Oregon,UCLA,Autzen Stadium,Pac-12,Pac-12,401249415
2020,12,regular,2020-11-21T21:00:00.000Z,Iowa State,Kansas State,Jack Trice Stadium,Big 12,Big 12,401236025
2020,12,regular,2020-11-21T21:00:00.000Z,Alabama,Kentucky,Bryant-Denny Stadium,SEC,SEC,401237135
2020,12,regular,2020-11-21T21:00:00.000Z,Pittsburgh,Virginia Tech,Acrisure Stadium,ACC,ACC,401234648
2020,12,regular,2020-11-21T21:00:00.000Z,Virginia,Abilene Christian,Scott Stadium,ACC,Southland,401248275
2020,12,regular,2020-11-22T00:00:00.000Z,Auburn,Tennessee,Jordan-Hare Stadium,SEC,SEC,401237137
2020,12,regular,2020-11-22T00:30:00.000Z,South Carolina,Missouri,Williams-Brice Stadium,SEC,SEC,401237141
2020,12,regular,2020-11-22T00:30:00.000Z,Oklahoma,Oklahoma State,"Memorial Stadium (Norman, OK)",Big 12,Big 12,401236027
2020,12,regular,2020-11-22T00:30:00.000Z,Georgia,Mississippi State,Sanford Stadium,SEC,SEC,401237139
2020,12,regular,2020-11-22T00:30:00.000Z,NC State,Liberty,Carter-Finley Stadium,ACC,FBS Independents,401234647
2020,12,regular,2020-11-22T00:30:00.000Z,Rutgers,Michigan,SHI Stadium,Big Ten,Big Ten,401247324
2020,12,regular,2020-11-22T01:00:00.000Z,Washington,Arizona,Husky Stadium,Pac-12,Pac-12,401249413
2020,12,regular,2020-11-22T03:30:00.000Z,Utah,USC,Rice-Eccles Stadium,Pac-12,Pac-12,401249410
2020,12,regular,2020-11-22T04:00:00.000Z,Hawai'i,Boise State,Aloha Stadium,Mountain West,Mountain West,401249017
2020,13,regular,2020-11-27T00:00:00.000Z,Utah State,New Mexico,Maverik Stadium,Mountain West,Mountain West,401249025
2020,13,regular,2020-11-27T17:00:00.000Z,Liberty,Massachusetts,Williams Stadium (VA),FBS Independents,FBS Independents,401251926
2020,13,regular,2020-11-27T17:00:00.000Z,Texas,Iowa State,DKR-Texas Memorial Stadium,Big 12,Big 12,401236029
2020,13,regular,2020-11-27T18:00:00.000Z,Iowa,Nebraska,Kinnick Stadium,Big Ten,Big Ten,401247332
2020,13,regular,2020-11-27T20:30:00.000Z,North Carolina,Notre Dame,Kenan Stadium,ACC,FBS Independents,401234650
2020,13,regular,2020-11-27T20:30:00.000Z,South Florida,UCF,Raymond James Stadium,American Athletic,American Athletic,401212483
2020,13,regular,2020-11-27T21:00:00.000Z,Eastern Michigan,Central Michigan,Rynearson Stadium,Mid-American,Mid-American,401249874
2020,13,regular,2020-11-27T21:00:00.000Z,UNLV,Wyoming,Allegiant Stadium,Mountain West,Mountain West,401249028
2020,13,regular,2020-11-27T21:30:00.000Z,California,Stanford,California Memorial Stadium,Pac-12,Pac-12,401249417
2020,13,regular,2020-11-28T00:30:00.000Z,Oregon State,Oregon,Reser Stadium,Pac-12,Pac-12,401249418
2020,13,regular,2020-11-28T17:00:00.000Z,East Carolina,SMU,Dowdy-Ficklen Stadium,American Athletic,American Athletic,401212513
2020,13,regular,2020-11-28T17:00:00.000Z,Florida,Kentucky,Ben Hill Griffin Stadium,SEC,SEC,401237144
2020,13,regular,2020-11-28T17:00:00.000Z,Missouri,Vanderbilt,Memorial Stadium,SEC,SEC,401237143
2020,13,regular,2020-11-28T17:00:00.000Z,Michigan,Penn State,Michigan Stadium,Big Ten,Big Ten,401247333
2020,13,regular,2020-11-28T17:00:00.000Z,Toledo,Ball State,Glass Bowl,Mid-American,Mid-American,401249873
2020,13,regular,2020-11-28T17:00:00.000Z,Western Michigan,Northern Illinois,Waldo Stadium,Mid-American,Mid-American,401249875
2020,13,regular,2020-11-28T17:00:00.000Z,Ohio,Bowling Green,Peden Stadium,Mid-American,Mid-American,401249876
2020,13,regular,2020-11-28T17:00:00.000Z,Georgia State,Georgia Southern,Center Parc Stadium,Sun Belt,Sun Belt,401215339
2020,13,regular,2020-11-28T17:00:00.000Z,Oklahoma State,Texas Tech,Boone Pickens Stadium,Big 12,Big 12,401236032
2020,13,regular,2020-11-28T17:00:00.000Z,Buffalo,Kent State,UB Stadium,Mid-American,Mid-American,401249877
2020,13,regular,2020-11-28T17:00:00.000Z,Syracuse,NC State,JMA Wireless Dome,ACC,ACC,401234655
2020,13,regular,2020-11-28T17:00:00.000Z,Indiana,Maryland,"Memorial Stadium (Bloomington, IN)",Big Ten,Big Ten,401247329
2020,13,regular,2020-11-28T18:00:00.000Z,Akron,Miami (OH),InfoCision Stadium,Mid-American,Mid-American,401249892
2020,13,regular,2020-11-28T20:00:00.000Z,Arkansas State,South Alabama,Centennial Bank Stadium,Sun Belt,Sun Belt,401215337
2020,13,regular,2020-11-28T20:00:00.000Z,Texas State,Coastal Carolina,Bobcat Stadium (TX),Sun Belt,Sun Belt,401215338
2020,13,regular,2020-11-28T20:00:00.000Z,UL Monroe,Louisiana,Malone Stadium,Sun Belt,Sun Belt,401215340
2020,13,regular,2020-11-28T20:00:00.000Z,UTSA,North Texas,Alamodome,Conference USA,Conference USA,401207191
2020,13,regular,2020-11-28T20:30:00.000Z,Clemson,Pittsburgh,"Memorial Stadium (Clemson, SC)",ACC,ACC,401234651
2020,13,regular,2020-11-28T20:30:00.000Z,App State,Troy,Kidd Brewer Stadium,Sun Belt,Sun Belt,401215336
2020,13,regular,2020-11-28T20:30:00.000Z,Michigan State,Northwestern,Spartan Stadium,Big Ten,Big Ten,401247330
2020,13,regular,2020-11-28T20:30:00.000Z,Alabama,Auburn,Bryant-Denny Stadium,SEC,SEC,401237142
2020,13,regular,2020-11-28T21:00:00.000Z,Purdue,Rutgers,Ross-Ade Stadium,Big Ten,Big Ten,401247328
2020,13,regular,2020-11-28T21:00:00.000Z,Ole Miss,Mississippi State,Vaught-Hemingway Stadium,SEC,SEC,401237147
2020,13,regular,2020-11-28T21:00:00.000Z,Boston College,Louisville,"Alumni Stadium (Chestnut Hill, MA)",ACC,ACC,401234649
2020,13,regular,2020-11-28T22:37:00.000Z,Colorado,San Diego State,Folsom Field,Pac-12,Mountain West,401265734
2020,13,regular,2020-11-29T00:00:00.000Z,Baylor,Kansas State,McLane Stadium,Big 12,Big 12,401236028
2020,13,regular,2020-11-29T00:00:00.000Z,Texas A&M,LSU,Kyle Field,SEC,SEC,401237146
2020,13,regular,2020-11-29T00:00:00.000Z,Navy,Memphis,Navy-Marine Corps Memorial Stadium,American Athletic,American Athletic,401264080
2020,13,regular,2020-11-29T00:00:00.000Z,Georgia Tech,Duke,Bobby Dodd Stadium,ACC,ACC,401234652
2020,13,regular,2020-11-29T00:30:00.000Z,South Carolina,Georgia,Williams-Brice Stadium,SEC,SEC,401237145
2020,13,regular,2020-11-29T00:30:00.000Z,Washington,Utah,Husky Stadium,Pac-12,Pac-12,401265458
2020,13,regular,2020-11-29T01:00:00.000Z,Kansas,TCU,Memorial Stadium,Big 12,Big 12,401236030
2020,13,regular,2020-11-29T01:00:00.000Z,UCLA,Arizona,Rose Bowl,Pac-12,Pac-12,401249421
2020,13,regular,2020-11-29T04:00:00.000Z,Hawai'i,Nevada,Aloha Stadium,Mountain West,Mountain West,401249024
2020,14,regular,2020-12-03T23:00:00.000Z,North Texas,Louisiana Tech,DATCU Stadium,Conference USA,Conference USA,401265703
2020,14,regular,2020-12-04T02:30:00.000Z,Utah State,Air Force,Maverik Stadium,Mountain West,Mountain West,401249029
2020,14,regular,2020-12-05T01:30:00.000Z,App State,Louisiana,Kidd Brewer Stadium,Sun Belt,Sun Belt,401252117
2020,14,regular,2020-12-05T17:00:00.000Z,Michigan State,Ohio State,Spartan Stadium,Big Ten,Big Ten,401247340
2020,14,regular,2020-12-05T17:00:00.000Z,Missouri,Arkansas,Memorial Stadium,SEC,SEC,401265818
2020,14,regular,2020-12-05T17:00:00.000Z,Texas Tech,Kansas,Jones AT&T Stadium,Big 12,Big 12,401236035
2020,14,regular,2020-12-05T17:00:00.000Z,Kansas State,Texas,Bill Snyder Family Stadium,Big 12,Big 12,401236036
2020,14,regular,2020-12-05T17:00:00.000Z,TCU,Oklahoma State,Amon G. Carter Stadium,Big 12,Big 12,401236037
2020,14,regular,2020-12-05T17:00:00.000Z,Marshall,Rice,Joan C. Edwards Stadium,Conference USA,Conference USA,401257812
2020,14,regular,2020-12-05T17:00:00.000Z,Northern Illinois,Toledo,Huskie Stadium,Mid-American,Mid-American,401249880
2020,14,regular,2020-12-05T17:00:00.000Z,Auburn,Texas A&M,Jordan-Hare Stadium,SEC,SEC,401237150
2020,14,regular,2020-12-05T17:00:00.000Z,Rutgers,Penn State,SHI Stadium,Big Ten,Big Ten,401247336
2020,14,regular,2020-12-05T17:00:00.000Z,Purdue,Nebraska,Ross-Ade Stadium,Big Ten,Big Ten,401247335
2020,14,regular,2020-12-05T17:00:00.000Z,Tulane,Memphis,Yulman Stadium,American Athletic,American Athletic,401264082
2020,14,regular,2020-12-05T17:00:00.000Z,North Carolina,Western Carolina,Kenan Stadium,ACC,Southern,401248781
2020,14,regular,2020-12-05T19:00:00.000Z,Western Michigan,Eastern Michigan,Waldo Stadium,Mid-American,Mid-American,401249879
2020,14,regular,2020-12-05T19:00:00.000Z,Akron,Bowling Green,InfoCision Stadium,Mid-American,Mid-American,401249881
2020,14,regular,2020-12-05T19:00:00.000Z,South Alabama,Troy,Hancock Whitney Stadium,Sun Belt,Sun Belt,401262494
2020,14,regular,2020-12-05T19:00:00.000Z,Central Michigan,Ball State,Kelly/Shorts Stadium,Mid-American,Mid-American,401249878
2020,14,regular,2020-12-05T19:30:00.000Z,Notre Dame,Syracuse,Notre Dame Stadium,FBS Independents,ACC,401234662
2020,14,regular,2020-12-05T20:00:00.000Z,Arkansas State,UL Monroe,Centennial Bank Stadium,Sun Belt,Sun Belt,401262493
2020,14,regular,2020-12-05T20:30:00.000Z,Navy,Tulsa,Navy-Marine Corps Memorial Stadium,American Athletic,American Athletic,401264083
2020,14,regular,2020-12-05T20:30:00.000Z,Iowa State,West Virginia,Jack Trice Stadium,Big 12,Big 12,401236034
2020,14,regular,2020-12-05T20:30:00.000Z,Tennessee,Florida,Neyland Stadium,SEC,SEC,401237151
2020,14,regular,2020-12-05T20:30:00.000Z,Illinois,Iowa,"Memorial Stadium (Champaign, IL)",Big Ten,Big Ten,401247337
2020,14,regular,2020-12-05T20:30:00.000Z,Virginia,Boston College,Scott Stadium,ACC,ACC,401234656
2020,14,regular,2020-12-05T20:30:00.000Z,Wisconsin,Indiana,Camp Randall Stadium,Big Ten,Big Ten,401247338
2020,14,regular,2020-12-05T21:00:00.000Z,Washington,Stanford,Husky Stadium,Pac-12,Pac-12,401249424
2020,14,regular,2020-12-05T21:00:00.000Z,NC State,Georgia Tech,Carter-Finley Stadium,ACC,ACC,401234659
2020,14,regular,2020-12-05T22:30:00.000Z,Coastal Carolina,BYU,Brooks Stadium (SC),Sun Belt,FBS Independents,401237514
2020,14,regular,2020-12-05T23:00:00.000Z,Georgia Southern,Florida Atlantic,Allen E. Paulson Stadium,Sun Belt,Conference USA,401261675
2020,14,regular,2020-12-05T23:00:00.000Z,San José State,Hawai'i,CEFCU Stadium,Mountain West,Mountain West,401249033
2020,14,regular,2020-12-06T00:00:00.000Z,San Diego State,Colorado State,Qualcomm Stadium,Mountain West,Mountain West,401249031
2020,14,regular,2020-12-06T00:00:00.000Z,Arizona,Colorado,Arizona Stadium,Pac-12,Pac-12,401249426
2020,14,regular,2020-12-06T00:00:00.000Z,California,Oregon,California Memorial Stadium,Pac-12,Pac-12,401249423
2020,14,regular,2020-12-06T00:30:00.000Z,Virginia Tech,Clemson,Lane Stadium,ACC,ACC,401234657
2020,14,regular,2020-12-06T00:30:00.000Z,Kentucky,South Carolina,Kroger Field,SEC,SEC,401237153
2020,14,regular,2020-12-06T01:00:00.000Z,LSU,Alabama,Tiger Stadium (LA),SEC,SEC,401265817
2020,14,regular,2020-12-06T01:00:00.000Z,Oklahoma,Baylor,"Memorial Stadium (Norman, OK)",Big 12,Big 12,401236033
2020,14,regular,2020-12-06T01:00:00.000Z,Duke,Miami,Wallace Wade Stadium,ACC,ACC,401266134
2020,14,regular,2020-12-06T02:00:00.000Z,Nevada,Fresno State,Mackay Stadium,Mountain West,Mountain West,401249032
2020,14,regular,2020-12-06T03:30:00.000Z,New Mexico,Wyoming,University Stadium (NM),Mountain West,Mountain West,401249034
2020,14,regular,2020-12-06T03:30:00.000Z,Arizona State,UCLA,Mountain America Stadium,Pac-12,Pac-12,401249425
2020,14,regular,2020-12-06T03:30:00.000Z,Utah,Oregon State,Rice-Eccles Stadium,Pac-12,Pac-12,401249422
2020,14,regular,2020-12-06T17:00:00.000Z,Charlotte,Western Kentucky,Jerry Richardson Stadium,Conference USA,Conference USA,401266789
2020,14,regular,2020-12-07T00:30:00.000Z,USC,Washington State,Los Angeles Memorial Coliseum,Pac-12,Pac-12,401249427
2020,15,regular,2020-12-10T23:30:00.000Z,Southern Miss,Florida Atlantic,M. M. Roberts Stadium,Conference USA,Conference USA,401257813
2020,15,regular,2020-12-11T00:00:00.000Z,Georgia Tech,Pittsburgh,Bobby Dodd Stadium,ACC,ACC,401261245
2020,15,regular,2020-12-11T23:00:00.000Z,UTEP,North Texas,Sun Bowl,Conference USA,Conference USA,401257816
2020,15,regular,2020-12-12T00:00:00.000Z,Arizona,Arizona State,Arizona Stadium,Pac-12,Pac-12,401249429
2020,15,regular,2020-12-12T03:00:00.000Z,San José State,Nevada,CEFCU Stadium,Mountain West,Mountain West,401249037
2020,15,regular,2020-12-12T17:00:00.000Z,Colorado,Utah,Folsom Field,Pac-12,Pac-12,401249428
2020,15,regular,2020-12-12T17:00:00.000Z,Penn State,Michigan State,Beaver Stadium,Big Ten,Big Ten,401247346
2020,15,regular,2020-12-12T17:00:00.000Z,Maryland,Rutgers,SECU Stadium,Big Ten,Big Ten,401247342
2020,15,regular,2020-12-12T17:00:00.000Z,Nebraska,Minnesota,"Memorial Stadium (Lincoln, NE)",Big Ten,Big Ten,401247345
2020,15,regular,2020-12-12T17:00:00.000Z,Ball State,Western Michigan,Scheumann Stadium,Mid-American,Mid-American,401249885
2020,15,regular,2020-12-12T17:00:00.000Z,Missouri,Georgia,Memorial Stadium,SEC,SEC,401267161
2020,15,regular,2020-12-12T17:00:00.000Z,Arkansas,Alabama,Razorback Stadium,SEC,SEC,401267164
2020,15,regular,2020-12-12T17:00:00.000Z,Louisville,Wake Forest,L&N Federal Credit Union Stadium,ACC,ACC,401266696
2020,15,regular,2020-12-12T17:00:00.000Z,Eastern Michigan,Northern Illinois,Rynearson Stadium,Mid-American,Mid-American,401249884
2020,15,regular,2020-12-12T17:00:00.000Z,Northwestern,Illinois,Ryan Field,Big Ten,Big Ten,401247344
2020,15,regular,2020-12-12T18:00:00.000Z,Rice,UAB,Rice Stadium,Conference USA,Conference USA,401257815
2020,15,regular,2020-12-12T19:30:00.000Z,Buffalo,Akron,UB Stadium,Mid-American,Mid-American,401249886
2020,15,regular,2020-12-12T20:00:00.000Z,Toledo,Central Michigan,Glass Bowl,Mid-American,Mid-American,401249883
2020,15,regular,2020-12-12T20:00:00.000Z,Troy,Coastal Carolina,Hancock Whitney Stadium,Sun Belt,Sun Belt,401259671
2020,15,regular,2020-12-12T20:00:00.000Z,Army,Navy,Lincoln Financial Field,FBS Independents,American Athletic,401207203
2020,15,regular,2020-12-12T20:30:00.000Z,Miami,North Carolina,Hard Rock Stadium,ACC,ACC,401234661
2020,15,regular,2020-12-12T20:30:00.000Z,Memphis,Houston,Simmons Bank Liberty Stadium,American Athletic,American Athletic,401264084
2020,15,regular,2020-12-12T20:30:00.000Z,Iowa,Wisconsin,Kinnick Stadium,Big Ten,Big Ten,401247347
2020,15,regular,2020-12-12T20:30:00.000Z,Baylor,Oklahoma State,McLane Stadium,Big 12,Big 12,401250713
2020,15,regular,2020-12-12T21:00:00.000Z,Florida State,Duke,Doak Campbell Stadium,ACC,ACC,401266694
2020,15,regular,2020-12-12T21:00:00.000Z,Vanderbilt,Tennessee,FirstBank Stadium,SEC,SEC,401267163
2020,15,regular,2020-12-12T23:00:00.000Z,Wyoming,Boise State,War Memorial Stadium,Mountain West,Mountain West,401249035
2020,15,regular,2020-12-12T23:00:00.000Z,Georgia Southern,App State,Allen E. Paulson Stadium,Sun Belt,Sun Belt,401215309
2020,15,regular,2020-12-13T00:00:00.000Z,TCU,Louisiana Tech,Amon G. Carter Stadium,Big 12,Conference USA,401266711
2020,15,regular,2020-12-13T00:00:00.000Z,Florida,LSU,Ben Hill Griffin Stadium,SEC,SEC,401251100
2020,15,regular,2020-12-13T00:30:00.000Z,Mississippi State,Auburn,Davis Wade Stadium,SEC,SEC,401260157
2020,15,regular,2020-12-13T00:30:00.000Z,UCLA,USC,Rose Bowl,Pac-12,Pac-12,401249431
2020,15,regular,2020-12-13T01:00:00.000Z,Virginia Tech,Virginia,Lane Stadium,ACC,ACC,401234572
2020,15,regular,2020-12-13T03:00:00.000Z,BYU,San Diego State,LaVell Edwards Stadium,FBS Independents,Mountain West,401249435
2020,15,regular,2020-12-13T03:00:00.000Z,Oregon State,Stanford,Reser Stadium,Pac-12,Pac-12,401249432
2020,15,regular,2020-12-13T03:30:00.000Z,New Mexico,Fresno State,University Stadium (NM),Mountain West,Mountain West,401249036
2020,15,regular,2020-12-13T04:00:00.000Z,Hawai'i,UNLV,Aloha Stadium,Mountain West,Mountain West,401249038
2020,16,regular,2020-12-19T00:00:00.000Z,Marshall,UAB,Joan C. Edwards Stadium,Conference USA,Conference USA,401240101
2020,16,regular,2020-12-19T00:30:00.000Z,Buffalo,Ball State,Ford Field,Mid-American,Mid-American,401249854
2020,16,regular,2020-12-19T00:30:00.000Z,Rutgers,Nebraska,SHI Stadium,Big Ten,Big Ten,401269382
2020,16,regular,2020-12-19T01:00:00.000Z,USC,Oregon,Los Angeles Memorial Coliseum,Pac-12,Pac-12,401249434
2020,16,regular,2020-12-19T17:00:00.000Z,Iowa State,Oklahoma,AT&T Stadium,Big 12,Big 12,401262060
2020,16,regular,2020-12-19T17:00:00.000Z,Ohio State,Northwestern,Lucas Oil Stadium,Big Ten,Big Ten,401247349
2020,16,regular,2020-12-19T17:00:00.000Z,Tennessee,Texas A&M,Neyland Stadium,SEC,SEC,401260158
2020,16,regular,2020-12-19T18:30:00.000Z,Utah,Washington State,Rice-Eccles Stadium,Pac-12,Pac-12,401269375
2020,16,regular,2020-12-19T20:00:00.000Z,Army,Air Force,Michie Stadium,FBS Independents,Mountain West,401265699
2020,16,regular,2020-12-19T20:30:00.000Z,Mississippi State,Missouri,Davis Wade Stadium,SEC,SEC,401267166
2020,16,regular,2020-12-19T20:30:00.000Z,LSU,Ole Miss,Tiger Stadium (LA),SEC,SEC,401267165
2020,16,regular,2020-12-19T21:00:00.000Z,Wisconsin,Minnesota,Camp Randall Stadium,Big Ten,Big Ten,401269384
2020,16,regular,2020-12-19T21:00:00.000Z,Notre Dame,Clemson,Bank of America Stadium,FBS Independents,ACC,401256001
2020,16,regular,2020-12-19T21:40:00.000Z,San José State,Boise State,Sam Boyd Stadium,Mountain West,Mountain West,401249043
2020,16,regular,2020-12-19T22:30:00.000Z,Penn State,Illinois,Beaver Stadium,Big Ten,Big Ten,401269381
2020,16,regular,2020-12-20T00:00:00.000Z,UCLA,Stanford,Rose Bowl,Pac-12,Pac-12,401269376
2020,16,regular,2020-12-20T01:00:00.000Z,Florida,Alabama,Mercedes-Benz Stadium,SEC,SEC,401237074
2020,16,regular,2020-12-20T01:00:00.000Z,Cincinnati,Tulsa,Nippert Stadium,American Athletic,American Athletic,401264085
2020,16,regular,2020-12-20T03:30:00.000Z,Oregon State,Arizona State,Reser Stadium,Pac-12,Pac-12,401269378
